"AffiliationId","AuthorId","PaperId","AuthorName","AffiliationName"
"0019F74C","041B8CF2","0046B7DC","patrice lerouge","british american tobacco"
"0019F74C","0471146E","0046B7DC","veronique gomord","british american tobacco"
"0019F74C","29AC658A","0046B7DC","loic faye","british american tobacco"
"0019F74C","3F35CC87","0062BB26","mike mcewan","british american tobacco"
"0019F74C","3F601FFA","0062BB26","evan o gregg","british american tobacco"
"0019F74C","3FB35E3A","0062BB26","stefania morandi","british american tobacco"
"0019F74C","401B4743","0062BB26","riccardo puntoni","british american tobacco"
"0019F74C","41D4F11E","0062BB26","alfredo nunziata","british american tobacco"
"0019F74C","421CE48D","0062BB26","antonella bassi","british american tobacco"
"0019F74C","42EEB54C","0062BB26","frazer lowe","british american tobacco"
"0040CEA1","3AD4F40A","00582DD7","akira kishi","rigaku"
"005938C3","41A41B6F","744900","rajesh singh","university of petroleum and energy studies"
"0098F6DC","362A83C4","0070708E","pezhman mirshahi","national institute for medical research"
"0098F6DC","36A91AE1","0070708E","amu therwath","national institute for medical research"
"0098F6DC","3A4CCD99","0070708E","nadia benabbou","national institute for medical research"
"0098F6DC","4095859D","0070708E","massoud mirshahi","national institute for medical research"
"0098F6DC","414F3B45","0070708E","jeannette soria","national institute for medical research"
"0098F6DC","42B69DC2","0070708E","melodie cadillon","national institute for medical research"
"013FBDE4","27C4F80B","004ACAEC","d dudgeon","mit lincoln laboratory"
"013FBDE4","3B0E19D9","006474F7","d a reynolds","mit lincoln laboratory"
"013FBDE4","3B0E19D9","006474F7","d a reynolds","mit lincoln laboratory"
"013FBDE4","3FCAB451","0069D2EA","d sinno","mit lincoln laboratory"
"013FBDE4","3FED3005","513003","c m keller","mit lincoln laboratory"
"013FBDE4","410339EF","513003","m e brown","mit lincoln laboratory"
"013FBDE4","414BD7D2","0069D2EA","h e lambert","mit lincoln laboratory"
"013FBDE4","41F94B3B","006412C1","t q nguyen","mit lincoln laboratory"
"013FBDE4","421DA9D1","006474F7","d sturim","mit lincoln laboratory"
"013FBDE4","421DA9D1","006474F7","d sturim","mit lincoln laboratory"
"013FBDE4","4284D77C","006474F7","w m campbell","mit lincoln laboratory"
"013FBDE4","4284D77C","006474F7","w m campbell","mit lincoln laboratory"
"0179F162","07BCB659","0065D83B","zlatina naydenova","bulgarian academy of sciences"
"0179F162","27FF970D","0065D83B","konstantin grancharov","bulgarian academy of sciences"
"0179F162","28AC58B1","0065D83B","evgeny v golovinsky","bulgarian academy of sciences"
"0179F162","29F6712B","0065D83B","dimitar k alargov","bulgarian academy of sciences"
"0179F162","34304255","0065D83B","pavleta s denkova","bulgarian academy of sciences"
"0179F162","3EB324EA","0054C988","rayna georgieva","bulgarian academy of sciences"
"01C3C23B","3B85D99D","005A65B0","hanna j broome","university of mississippi medical center"
"01C3C23B","3EBC48DD","00647DD3","m prokop","university of mississippi medical center"
"01C3C23B","3F5EADB3","007BD669","matthew t tull","university of mississippi medical center"
"01C3C23B","3F6E19D2","00779E4C","rashmi a kusurkar","university of mississippi medical center"
"01C3C23B","3FDD418E","007BD669","kim l gratz","university of mississippi medical center"
"01C3C23B","40B44F20","005A65B0","michael d hebert","university of mississippi medical center"
"01C3C23B","41171C27","00779E4C","cas kruitwagen","university of mississippi medical center"
"01C3C23B","426391BC","00779E4C","olle ten cate","university of mississippi medical center"
"01E89DDF","0AE99151","687851","martha poisot","university of kiel"
"01E89DDF","13A71ADF","005138A6","hannelore katzke","university of kiel"
"01E89DDF","3E563405","0045C8FB","frank daschner","university of kiel"
"01E89DDF","3EAE0607","006508C7","h klein","university of kiel"
"01E89DDF","3EBB8C20","004D68BC","r knochel","university of kiel"
"01E89DDF","40C138DB","687851","w bensch","university of kiel"
"01E89DDF","40D8D440","006F2DC6","yi wang","university of kiel"
"01E89DDF","42BE9DDC","5.26E+06","hannes horst","university of kiel"
"01ECE7BC","42BCB105","005C0EB7","masaharu fujii","oshima national college of maritime technology"
"01ECE7BC","42BCB105","005C0EB7","masaharu fujii","oshima national college of maritime technology"
"01FE29EA","3F288A84","0077A122","jeffrey e rhodes","university of massachusetts boston"
"01FE29EA","3F300461","0063A5DA","michael a milburn","university of massachusetts boston"
"01FE29EA","4008730A","006BC133","emily e wheeler","university of massachusetts boston"
"02047FF4","14B8E09D","0064567D","wai loonho","university of malaya"
"02047FF4","245683D4","0064567D","c h raymond ooi","university of malaya"
"02047FF4","2C3DB6A5","0053939D","a s m a haseeb","university of malaya"
"02047FF4","2D7F1982","0082ECA4","behnam kamalidehghan","university of malaya"
"02047FF4","3E4D5838","0053939D","mohd rafie johan","university of malaya"
"02047FF4","3F804426","00690F0E","h mokhlis","university of malaya"
"02047FF4","3F8D1BC4","0060B79B","yat huang yau","university of malaya"
"02047FF4","3FE2FE8C","0060B79B","m ahmadzadehtalatapeh","university of malaya"
"02047FF4","403A7A04","00660BDF","nassar b g rasool","university of malaya"
"02047FF4","40D8D50C","0075B0FD","wan mohd azhar bin ibrahim","university of malaya"
"02047FF4","40D8D50C","0075B0FD","wan mohd azhar bin ibrahim","university of malaya"
"02047FF4","40D9569F","0067AD26","s t tay","university of malaya"
"02047FF4","4220F9CE","00660BDF","m hamzah","university of malaya"
"02047FF4","425C804B","0067AD26","yalda khosravi","university of malaya"
"02047FF4","426CEFD7","005E66B2","jamilah mohamad","university of malaya"
"02047FF4","427433F8","007B6B1B","rafidah md noor","university of malaya"
"02047FF4","427433F8","007B6B1B","rafidah md noor","university of malaya"
"02047FF4","427433F8","007B6B1B","rafidah md noor","university of malaya"
"02047FF4","43091020","0067AD26","jamuna vadivelu","university of malaya"
"02047FF4","4327585B","0075B0FD","eraj humayun mirza","university of malaya"
"02047FF4","4327585B","0075B0FD","eraj humayun mirza","university of malaya"
"0207BF3E","3EF6DCDE","0055B33D","john b white","marlow industries"
"021B5156","42F992E2","007F2C98","david wong","united states public health service"
"025559B1","2AE20C5A","0076914E","enrique martinez de la ossa","university of cadiz"
"025559B1","407ACC59","0076914E","m rodriguez","university of cadiz"
"025559B1","42F74DE1","0076914E","casimiro mantell serrano","university of cadiz"
"025A445B","3F6E67CB","482486","a thommandram","university of ontario institute of technology"
"025A445B","41A6AF6B","482486","carolyn mcgregor","university of ontario institute of technology"
"025A445B","426D93B2","482486","james d eklund","university of ontario institute of technology"
"0268A86A","05239C6A","005EB16C","aleksandra wiczk","university of gdansk"
"0268A86A","29BD0C5B","0059D348","michal sadownik","university of gdansk"
"0268A86A","3F2838B9","007EDADC","emilia sikorska","university of gdansk"
"0268A86A","41C252F0","005EB16C","anna pawlik","university of gdansk"
"0268A86A","42A1BD52","005EB16C","anna hermanantosiewicz","university of gdansk"
"0268A86A","42DFF73F","005EB16C","angelika kaczynska","university of gdansk"
"02CE558F","40D945DE","00539A66","weihsing ma","institute of high energy physics"
"02CE558F","427881BB","00783B62","yuehua chou","institute of high energy physics"
"02CE558F","427881BB","00783B62","yuehua chou","institute of high energy physics"
"02CE558F","42ACC154","0071A34F","d l chen","institute of high energy physics"
"02EB2901","3F546924","00799EA8","derren ready","eastman chemical company"
"02EFED35","415D177A","0050B131","rajat kumar pal","assam university"
"03270CAC","050C5DBB","005338B4","sake j de vlas","mississippi college"
"03270CAC","3F2A7424","004E9C4C","phillip a spagnolo","mississippi college"
"03270CAC","4328B2FD","0067E17C","bruno h ch stricker","mississippi college"
"034F36C0","2A63FBC6","00681ADC","j m a ashbourn","department of engineering science university of oxford"
"034F36C0","362DD993","567928","m bacic","department of engineering science university of oxford"
"034F36C0","3B7297A0","0053EB03","fan zhang","department of engineering science university of oxford"
"034F36C0","3E9BF3BC","811820","chiawei lai","department of engineering science university of oxford"
"034F36C0","3EF00F29","00681ADC","paul l smith","department of engineering science university of oxford"
"034F36C0","3EFD0332","0053EB03","ting zhu","department of engineering science university of oxford"
"034F36C0","3FCF66F4","006E88B5","a lakhtakia","department of engineering science university of oxford"
"034F36C0","401E5284","567928","mark cannon","department of engineering science university of oxford"
"034F36C0","403923B4","833122","haoyuan chang","department of engineering science university of oxford"
"034F36C0","408E200A","0053EB03","deuhu cui","department of engineering science university of oxford"
"034F36C0","4097F7F6","0053EB03","gary paradee","department of engineering science university of oxford"
"034F36C0","41533996","00799B47","kenji takanaka","department of engineering science university of oxford"
"034F36C0","4196D98F","0073441A","chaojyun huang","department of engineering science university of oxford"
"034F36C0","419C4E07","0053EB03","jian xu","department of engineering science university of oxford"
"034F36C0","41AC025C","006E88B5","d p pulsifer","department of engineering science university of oxford"
"034F36C0","41B91F9D","833122","wenfung pan","department of engineering science university of oxford"
"034F36C0","41EAC9D2","811820","suzkai hsiung","department of engineering science university of oxford"
"036541CD","3E998F62","533494","joanemile p figueiredo","santos"
"036541CD","3F16542A","533494","a m atta","santos"
"036541CD","3FFA2D8D","533494","maria cecilia almeida","santos"
"036541CD","42090D79","533494","manoel medeiros","santos"
"036B4500","40B42AF7","00438CF8","t moriguchi","azabu university"
"0393A7B6","0AB14811","004CCD57","anwar r padhani","middlesex county college"
"0393A7B6","30C22189","004CCD57","k s elhaddad","middlesex county college"
"0393A7B6","40FB0ECE","0080001A","g s conway","middlesex county college"
"0393A7B6","41884388","5.90E+64","p harris","middlesex county college"
"039B1FC8","2FE6E671","679807","m al janaideh","concordia university"
"039B1FC8","3E66B468","007C3069","t d bui","concordia university"
"039B1FC8","417ECD01","679807","c y su","concordia university"
"039E2AA8","3E89C691","0047FC83","catherine byrne","school of medicine and medical science"
"039E2AA8","3F122781","0047FC83","billy bourke","school of medicine and medical science"
"039E2AA8","3F93D9BE","0047FC83","m clyne","school of medicine and medical science"
"03E10F89","3BC64BD1","007DAD48","ning qiu","china university of geosciences"
"03E10F89","3E8399A1","670462","hong tian","china university of geosciences"
"03E10F89","3E8499E7","004C92D5","guoli yuan","china university of geosciences"
"03E10F89","3EB72ADE","004C92D5","qingye hou","china university of geosciences"
"03E10F89","3F62BC5A","008159CD","xiangyu guang","china university of geosciences"
"03E10F89","3F8216EB","004C92D5","tao yu","china university of geosciences"
"03E10F89","405C99E0","007DAD48","yanjun chang","china university of geosciences"
"03E10F89","4063C433","004C92D5","long chen","china university of geosciences"
"03E10F89","40C842C7","004C92D5","zhongfang yang","china university of geosciences"
"03E10F89","42579F4C","004C92D5","chen liu","china university of geosciences"
"03E10F89","425D853F","004C92D5","xueqi xia","china university of geosciences"
"03E10F89","42FC48C0","670462","nengxiong xu","china university of geosciences"
"03E10F89","430FAFB9","00631A76","nengxiong xu","china university of geosciences"
"043E3D99","3E7E75DB","004A1739","j t huneke","henkel"
"043E3D99","3EE3B047","004A1739","b neff","henkel"
"043E3D99","3F210483","004A1739","shantanu gupta","henkel"
"043E3D99","4265294E","004A1739","m nguyen","henkel"
"043E3D99","430475A8","004A1739","t herrington","henkel"
"043E3D99","43104F06","004A1739","poliang liu","henkel"
"04464A58","3B95A2F1","006D7254","rodrigo chelegao","universidade federal do abc"
"04464A58","3FEEDC2D","006D7254","vivian m o carioni","universidade federal do abc"
"04464A58","42BE27C0","006D7254","cassiana s nomura","universidade federal do abc"
"045CB556","17806B61","634513","j v meenakshi","delhi school of economics"
"0489B9A5","08F57157","0078EDFF","astrid hagelkruys","medical university of vienna"
"0489B9A5","117DA6DD","0078EDFF","reinhard brunmeir","medical university of vienna"
"0489B9A5","2B9C93E4","007B4CAB","rainer oberbauer","medical university of vienna"
"0489B9A5","2C587C97","0068D657","georg weitzer","medical university of vienna"
"0489B9A5","309C4764","0078EDFF","elisabeth simboeck","medical university of vienna"
"0489B9A5","33DD1696","004DB01E","barbara bohle","medical university of vienna"
"0489B9A5","3AAA1B1C","0068D657","alexandra hollrigl","medical university of vienna"
"0489B9A5","3D4B90F7","0078EDFF","anna sawicka","medical university of vienna"
"0489B9A5","3D6E3B76","0043B9E7","markus hengstschlager","medical university of vienna"
"0489B9A5","3E830F08","0068D657","sonja puz","medical university of vienna"
"0489B9A5","3ED671A2","0078EDFF","wolfgang j miller","medical university of vienna"
"0489B9A5","3EF1EDF1","0078EDFF","christian seiser","medical university of vienna"
"0489B9A5","3F6118CA","0078EDFF","sabine lagger","medical university of vienna"
"0489B9A5","41A2A4DE","004C7337","maria kalipciyan","medical university of vienna"
"0489B9A5","41EDBE02","0068D657","martina stary","medical university of vienna"
"0489B9A5","42B2BF79","0078EDFF","gerda egger","medical university of vienna"
"0489B9A5","42C373FC","0068D657","manuela hofner","medical university of vienna"
"0489B9A5","431F65C0","004C7337","robert m mader","medical university of vienna"
"048C60E2","4133E56E","006004C8","r singal","microchip technology"
"04939AD1","3F184708","005D9D7E","vas dev","national institute of malaria research"
"04939AD1","3FF59B3B","0076ADB1","gauri awasthi","national institute of malaria research"
"04939AD1","4274EA85","0076ADB1","aditya p dash","national institute of malaria research"
"04939AD1","429F84E8","0076ADB1","aparup das","national institute of malaria research"
"04939AD1","42C75B10","0076ADB1","suchita singh","national institute of malaria research"
"04EE4600","117B8066","7.00E+67","maniam kaliannan","universiti teknologi mara"
"04EE4600","17157F26","0051AD18","w r wan rosalina","universiti teknologi mara"
"04EE4600","19EE12DD","0045460E","a k nur fadzeelah","universiti teknologi mara"
"04EE4600","29B50FB6","0045460E","norhaslinda nasuha","universiti teknologi mara"
"04EE4600","2ADDB9A7","0074B56E","noor habibah arshad","universiti teknologi mara"
"04EE4600","2BA111B0","00817D4F","puteri nor ashikin megat yunus","universiti teknologi mara"
"04EE4600","2D11C41F","00590BCC","lee yoot khuan","universiti teknologi mara"
"04EE4600","3AA05786","00590BCC","nina korlina madzhi","universiti teknologi mara"
"04EE4600","3E5C12AF","00817D4F","suhaili beeran kutty","universiti teknologi mara"
"04EE4600","3E79FA54","00590BCC","mohd firdaus abdullah","universiti teknologi mara"
"04EE4600","3E98D18D","0051AD18","m z salleh","universiti teknologi mara"
"04EE4600","3EEE8A15","007C800A","mohd ameer yuslan razmi","universiti teknologi mara"
"04EE4600","3F127378","0045460E","h i maarof","universiti teknologi mara"
"04EE4600","3F3BC15F","0051AD18","r yusoff","universiti teknologi mara"
"04EE4600","3F7E795A","00590BCC","marianah masrie","universiti teknologi mara"
"04EE4600","406CC0F9","0045460E","siti nor samrah a rahim","universiti teknologi mara"
"04EE4600","4087294A","00817D4F","shuria saaidin","universiti teknologi mara"
"04EE4600","41863118","006CEB2A","syaidatul akma mohd zuki","universiti teknologi mara"
"04EE4600","4198C82B","006CEB2A","i m yassin","universiti teknologi mara"
"04EE4600","41C480B3","0051AD18","l k teh","universiti teknologi mara"
"04EE4600","426F62BA","006CEB2A","norazah abdul rahman","universiti teknologi mara"
"04EE4600","428C8DCA","007C800A","hanunah othman","universiti teknologi mara"
"04EE4600","42B44A30","00817D4F","suhana abu hassan","universiti teknologi mara"
"04EE4600","4304BBBA","007C800A","h hashim","universiti teknologi mara"
"0581F5D5","3F3338FD","004DA14B","jianxiong wan","university of science and technology beijing"
"0581F5D5","3FCEFE62","004CA25D","qunxia li","university of science and technology beijing"
"0581F5D5","4043C075","0059A079","fengchao li","university of science and technology beijing"
"0581F5D5","407195A4","0070292B","guoliang chen","university of science and technology beijing"
"0581F5D5","422DD130","004CA25D","qun zhang","university of science and technology beijing"
"0581F5D5","42B7AECA","0059A079","li wang","university of science and technology beijing"
"0581F5D5","42CBDF02","0059A079","shiping zhang","university of science and technology beijing"
"0581F5D5","42E2EC38","0072CA6A","fuxing jiang","university of science and technology beijing"
"0581F5D5","43076BE0","0059A079","ping wu","university of science and technology beijing"
"062BC2E4","40F7D618","0059E6DF","d a edmonds","boston college"
"062BC2E4","4203689B","0056D215","julie paquette macevoy","boston college"
"062BC2E4","42047998","00606CE3","john m boyer","boston college"
"062BC2E4","4261B216","006C99C7","gregory g fahlman","boston college"
"06533BDD","26E21D1C","783963","gabor sramko","eotvos lorand university"
"06533BDD","2B7B2D9A","007DCB86","robert fuller","eotvos lorand university"
"06533BDD","3FE80951","006F18F8","judith kormos","eotvos lorand university"
"06533BDD","4022C32D","006F18F8","albert albert","eotvos lorand university"
"06533BDD","402E90B6","00488FA8","andras molnar","eotvos lorand university"
"06533BDD","40F85008","007DCB86","margit kovacs","eotvos lorand university"
"06533BDD","417E7504","007DCB86","gyorgy schuster","eotvos lorand university"
"065D6BA7","408E840D","727802","c schaeffer","grenoble institute of technology"
"065D6BA7","416B1D82","727802","jeanchristophe crebier","grenoble institute of technology"
"065D6BA7","41F6BFED","727802","dacbinh nguyen","grenoble institute of technology"
"065D6BA7","42660DC5","727802","y philibert","grenoble institute of technology"
"06A27256","403E64FA","750414","sangpok ko","samsung electronics"
"06CAE655","290765A8","004F933E","byron j gajewski","university of kansas school of medicine"
"06CAE655","3F4EAF8A","005A4C8C","john s neuberger","university of kansas school of medicine"
"06E25C55","416049A8","007EF6CE","moriaki kusakabe","jikei university school of medicine"
"071126B7","02CDB926","0065A92C","horst bunke","university of bern"
"071126B7","074501F7","0080E798","flurin koenz","university of bern"
"071126B7","0832C4F2","0084A2E7","g chaboussant","university of bern"
"071126B7","0D8C9C6D","006920C6","thomas f stocker","university of bern"
"071126B7","0DF44809","0065A92C","christophe irniger","university of bern"
"071126B7","27704ECC","0084A2E7","hans u gudel","university of bern"
"071126B7","27D74336","00683DAF","n kampfer","university of bern"
"071126B7","2ADAC3BD","0080E798","hans j altermatt","university of bern"
"071126B7","3AF25630","0080E798","michael ith","university of bern"
"071126B7","3EB321E8","0080E798","martin frenz","university of bern"
"071126B7","3EFC8073","0084A2E7","a sieber","university of bern"
"071126B7","3F266BD3","0080E798","h p weber","university of bern"
"071126B7","3F304CCA","006920C6","c c raible","university of bern"
"071126B7","3FABD732","00683DAF","s muller","university of bern"
"071126B7","3FFFA932","0080E798","hans s pratisto","university of bern"
"071126B7","400C7763","0084A2E7","s t ochsenbein","university of bern"
"071126B7","41332FC2","00683DAF","axel murk","university of bern"
"071126B7","41A17C5F","006920C6","s kleppek","university of bern"
"071126B7","42F6FD44","0065A92C","cyril marti","university of bern"
"078BB360","2F05DD6D","0050A31E","e mahmudov","azerbaijan national academy of sciences"
"07926AE9","16519B42","674844","t suzutani","asahikawa medical college"
"07926AE9","3FC08BBF","674844","miho oshima","asahikawa medical college"
"07926AE9","40C8A8EB","674844","akimasa okuno","asahikawa medical college"
"07926AE9","40F9ECCF","004D991F","tatsuhisa takahashi","asahikawa medical college"
"07938BEB","0FCAC5BC","0069EFA3","gilberto da silva guizelin","universidade estadual de londrina"
"07938BEB","112330A4","7.80E+08","lucineia cunha steca","universidade estadual de londrina"
"07938BEB","2DE16EEE","004FC555","ivone yurika mizubuti","universidade estadual de londrina"
"07938BEB","37E17364","004FC555","ana paula de souza fortaleza","universidade estadual de londrina"
"07938BEB","3A3C5840","005AB846","Ã¢ngela m f falleiros","universidade estadual de londrina"
"07938BEB","3E720CD8","004FC555","edson luis de azambuja ribeiro","universidade estadual de londrina"
"07938BEB","3E773D71","0057FF50","fabricio jose benati","universidade estadual de londrina"
"07938BEB","3F378C7F","0057FF50","ligia carla faccin","universidade estadual de londrina"
"07938BEB","3F69B1D2","0057FF50","mario sergio mantovani","universidade estadual de londrina"
"07938BEB","3F84FA60","0057FF50","v p rincao","universidade estadual de londrina"
"07938BEB","3F892A4B","0083D67C","sandra regina ferreira de oliveira","universidade estadual de londrina"
"07938BEB","3F9FC409","004FC555","valter harry bumbieris junior","universidade estadual de londrina"
"07938BEB","3FA24692","004FC555","leticia maria de castro","universidade estadual de londrina"
"07938BEB","3FC4B4A6","0057FF50","r e carvalho linhares","universidade estadual de londrina"
"07938BEB","419638C5","004FC555","leandro das dores ferreira da silva","universidade estadual de londrina"
"07938BEB","422197AB","0057FF50","c nozawa","universidade estadual de londrina"
"07938BEB","42BAA169","004B32CF","joao rodolfo munhoz ohara","universidade estadual de londrina"
"07938BEB","42DA2F29","00626D89","manoel dourado bastos","universidade estadual de londrina"
"07938BEB","4302C60F","004FC555","marco aurelio alves de freitas barbosa","universidade estadual de londrina"
"07AE944E","0F3354F0","5.26E+06","a smette","santiago"
"07AE944E","13434EAA","856411","maria m clusella","santiago"
"07AE944E","2F31BDB6","0066BC7A","manuel lama","santiago"
"07AE944E","38EA8A3E","006E6767","a o jaunsen","santiago"
"07AE944E","3BC6544F","00507BCC","horacio b croxatto","santiago"
"07AE944E","3BC6544F","00507BCC","horacio b croxatto","santiago"
"07AE944E","3CAB21B8","0059C2F0","j rivas","santiago"
"07AE944E","3CAB21B8","0059C2F0","j rivas","santiago"
"07AE944E","400DC5AF","856411","maria a santillan","santiago"
"07AE944E","403E1D8D","0053A757","angel varela","santiago"
"07AE944E","404066FF","006CE670","antonio rial","santiago"
"07AE944E","4134B778","0059C2F0","m c bujannunez","santiago"
"07AE944E","4134B778","0059C2F0","m c bujannunez","santiago"
"07AE944E","42DF873C","00600CAB","e roca","santiago"
"07C28853","3CA5565B","00450EE8","s shefali","walchand college of engineering sangli"
"07C6013F","3ED6F3A6","0066F95E","kengo sasaki","central research institute of electric power industry"
"07C6013F","40781373","0078749C","m miki","central research institute of electric power industry"
"07C6013F","40929DB1","0066F95E","norio matsumoto","central research institute of electric power industry"
"07C6013F","411B30A1","0066F95E","shinichi hirano","central research institute of electric power industry"
"07C6013F","4221ED21","0066F95E","naoya ohmura","central research institute of electric power industry"
"07C6013F","42DF0718","0066F95E","masahiko morita","central research institute of electric power industry"
"07F57F7B","0965CE3B","005D27F6","massoud babaiezadeh","sharif university of technology"
"07F57F7B","0965CE3B","005B12D5","massoud babaiezadeh","sharif university of technology"
"07F57F7B","0F8623A2","004A347E","t ghodselahi","sharif university of technology"
"07F57F7B","106BD9E0","004A347E","a moftakharzadeh","sharif university of technology"
"07F57F7B","10A9ACFA","004A347E","m a vesaghi","sharif university of technology"
"07F57F7B","121C07DB","005E1C43","amin khodaei","sharif university of technology"
"07F57F7B","121C07DB","006D7A28","amin khodaei","sharif university of technology"
"07F57F7B","121C07DB","006D7A28","amin khodaei","sharif university of technology"
"07F57F7B","195AB150","005D27F6","saman ashkiani","sharif university of technology"
"07F57F7B","2A42ACD0","633765","mohsen jamaali","sharif university of technology"
"07F57F7B","2A6BA6FD","004A347E","a h kokabi","sharif university of technology"
"07F57F7B","2FA86D37","005E1C43","farrokh aminifar","sharif university of technology"
"07F57F7B","34226425","0058181A","j a salehi","sharif university of technology"
"07F57F7B","34AB9031","8.25E+11","m emadi","sharif university of technology"
"07F57F7B","388BB515","006D7A28","f aminifar","sharif university of technology"
"07F57F7B","388BB515","006D7A28","f aminifar","sharif university of technology"
"07F57F7B","38E70F29","0058181A","kambiz jamshidi","sharif university of technology"
"07F57F7B","3EBAC821","007984CC","shahrokh ghaemmaghami","sharif university of technology"
"07F57F7B","3EBAC821","007984CC","shahrokh ghaemmaghami","sharif university of technology"
"07F57F7B","3F75B024","005E1C43","m fotuhifiruzabad","sharif university of technology"
"07F57F7B","411F7336","007E825C","mahmood k razavi","sharif university of technology"
"07F57F7B","41476385","007984CC","saeed r khosravi","sharif university of technology"
"07F57F7B","41476385","007984CC","saeed r khosravi","sharif university of technology"
"07F57F7B","41E16E29","005B12D5","mostafa sadeghi","sharif university of technology"
"07F57F7B","4205EE5A","8.25E+11","m m nayebi","sharif university of technology"
"07F57F7B","42F46958","006D7A28","s h hosseini","sharif university of technology"
"07F57F7B","42F46958","006D7A28","s h hosseini","sharif university of technology"
"07F57F7B","432B5330","004A347E","mehdi fardmanesh","sharif university of technology"
"0881EBB2","3E70BA0C","00664D45","thanh van thi nguyen","university of engineering and technology lahore"
"0881EBB2","3E7C3962","0074E8FE","shaker mayo","university of engineering and technology lahore"
"0881EBB2","3E7CE429","007A38E7","nipa chowdhury","university of engineering and technology lahore"
"0881EBB2","3F3E9CE1","00664D45","manh duong phung","university of engineering and technology lahore"
"0881EBB2","3FFF2503","005FF2BA","linhtrung nguyen","university of engineering and technology lahore"
"0881EBB2","4041732E","00648A20","farjana nur","university of engineering and technology lahore"
"0881EBB2","405B614D","00648A20","niamat ullah ibne hossain","university of engineering and technology lahore"
"08A821BE","41F70AAF","0078A5C0","n roux","bioversity international"
"08CB8095","3E93D672","4.62E+08","jon silverman","university of bedfordshire"
"08D548E7","16B7B6C3","004A9A5E","y thodesen","nera"
"08D548E7","36A2A52B","004A9A5E","jostein heimark","nera"
"08F110D0","28FD028A","007035DE","rebecca richardskortum","biomed central"
"08F110D0","3EB4932E","007AED64","r e barr","biomed central"
"08F110D0","3EB4932E","007AED64","r e barr","biomed central"
"08F110D0","3F7C0B91","00476C57","m bijak","biomed central"
"08F110D0","411AB4FC","0083EB93","f mastik","biomed central"
"08F110D0","418FE9A5","00479EFB","m e frijlink","biomed central"
"08F110D0","41FDEB8C","007035DE","tom collier","biomed central"
"08F110D0","4238DDC1","007035DE","kungbin sung","biomed central"
"08F110D0","42E2C7F2","00479EFB","david e goertz","biomed central"
"092727F6","04CB647A","005D37A5","titilola iyun","national institute on aging"
"092727F6","0EFAD7FF","005D0096","carlo bertonifreddari","national institute on aging"
"092727F6","1330C0C8","005D0096","belinda giorgetti","national institute on aging"
"092727F6","28463FFF","005D37A5","stuart maudsley","national institute on aging"
"092727F6","28F4CCEA","004B9F80","jack m guralnik","national institute on aging"
"092727F6","345F8C20","005D0096","patrizia fattoretti","national institute on aging"
"092727F6","3C0A8D39","005D37A5","erin golden","national institute on aging"
"092727F6","3E69BED9","005D37A5","vinayakumar prabhu","national institute on aging"
"092727F6","3E7754ED","005D37A5","kevin g becker","national institute on aging"
"092727F6","3EBFEEC9","005D0096","alessia delfino","national institute on aging"
"092727F6","3F9847A4","005F0CE6","chikako tanaka","national institute on aging"
"092727F6","3FA1BEA1","005D37A5","william wood","national institute on aging"
"092727F6","3FADB184","005D37A5","randall brenneman","national institute on aging"
"092727F6","3FFBD5D2","005D0096","moreno solazzi","national institute on aging"
"092727F6","4008E0A7","005D37A5","bronwen martin","national institute on aging"
"092727F6","403A0511","005D37A5","olga d carlson","national institute on aging"
"092727F6","40799AFD","005D37A5","alex keselman","national institute on aging"
"092727F6","40DA2DBB","005D37A5","michele pearson","national institute on aging"
"092727F6","40DF94D1","004B9F80","stefano volpato","national institute on aging"
"092727F6","417998CD","005D37A5","rafael de cabo","national institute on aging"
"092727F6","41E6C3CA","005D37A5","josephine m egan","national institute on aging"
"092727F6","423237B5","005D37A5","mark p mattson","national institute on aging"
"092727F6","42921FC9","004B9F80","tamara b harris","national institute on aging"
"092727F6","42FFBA47","005F0CE6","minoru yasuda","national institute on aging"
"092B7FEF","18C9D620","724952","i l beigman","moscow institute of physics and technology"
"092B7FEF","18E9846F","724952","m s luginin","moscow institute of physics and technology"
"092B7FEF","1973BCD6","004928D2","k malitsky","moscow institute of physics and technology"
"092B7FEF","1973BCD6","004928D2","k malitsky","moscow institute of physics and technology"
"092B7FEF","27C3B8CF","724952","e a vishnyakov","moscow institute of physics and technology"
"092B7FEF","29B434BC","724952","e n ragozin","moscow institute of physics and technology"
"092B7FEF","3E6812EC","005243A3","nikolay chubinsky","moscow institute of physics and technology"
"092B7FEF","4064E7F1","005243A3","andrei krampuls","moscow institute of physics and technology"
"09346CBE","3975BBFD","004EC8BD","d dessem","dental school"
"09346CBE","3FEEF596","004EC8BD","guang bai","dental school"
"09346CBE","41542337","004EC8BD","r ambalavanar","dental school"
"09346CBE","42DB2B3E","004EC8BD","dong wei","dental school"
"095355BA","4240D7B0","0081C96D","j f philippe","american association of poison control centers"
"095FCC2D","3FA8C532","0070D9C0","joseph e mbaiwa","university of botswana"
"09EB4F00","02FF0AAE","005C51DE","ed habtour","united states army research laboratory"
"09EB4F00","366DC7D4","00466BAB","martin j lahart","united states army research laboratory"
"09EB4F00","41FCC71B","00466BAB","christian fazi","united states army research laboratory"
"09EB4F00","429B5F16","0085B54C","alex lipchen chan","united states army research laboratory"
"0A503763","0170AD5C","007BAD63","ammar w mohemmed","multimedia university"
"0A503763","0FB9B6C7","7.00E+67","magiswary dorasamy","multimedia university"
"0A503763","15523EFD","7.00E+67","saravanan muthaiyah","multimedia university"
"0A503763","299D7C05","007D43F1","patrik kamencay","multimedia university"
"0A503763","2FDF70AC","0066F90D","wannoorshahida mohdisa","multimedia university"
"0A503763","37D2DA23","0075E674","r palaniappan","multimedia university"
"0A503763","39D991A3","0066F90D","c eswaran","multimedia university"
"0A503763","3E901F95","007E0583","r md nasir","multimedia university"
"0A503763","3F2111AB","7.00E+67","murali raman","multimedia university"
"0A503763","3F3E65A8","0066480F","m s sidhu","multimedia university"
"0A503763","40B14278","007D43F1","martina zachariasova","multimedia university"
"0A503763","40EE353B","0066F90D","junaidi abdullah","multimedia university"
"0A503763","41C3C306","007D43F1","miroslav benco","multimedia university"
"0A942FE1","03AE8798","0080AE91","s huant","joseph fourier university"
"0A942FE1","179BECD6","0061C434","d staresinic","joseph fourier university"
"0A942FE1","27F64C8D","007008D4","marc boulon","joseph fourier university"
"0A942FE1","28AC21E2","8.43E+68","p duval","joseph fourier university"
"0A942FE1","2A4FB6FB","005F4F7F","m desort","joseph fourier university"
"0A942FE1","2C214038","0046B442","j c marmeggi","joseph fourier university"
"0A942FE1","3019D094","005F4F7F","david ehrenreich","joseph fourier university"
"0A942FE1","3B1EEDD2","005F4F7F","j olofsson","joseph fourier university"
"0A942FE1","3D1F0EF5","0057FB62","alain morand","joseph fourier university"
"0A942FE1","3D1F0EF5","0057FB62","alain morand","joseph fourier university"
"0A942FE1","3E7F1508","8.43E+68","maurine montagnat","joseph fourier university"
"0A942FE1","3EBD5502","005F4F7F","j c augereau","joseph fourier university"
"0A942FE1","3F44A1A6","0057FB62","pierre benech","joseph fourier university"
"0A942FE1","3F44A1A6","0057FB62","pierre benech","joseph fourier university"
"0A942FE1","3F60E8C3","005F4F7F","a m lagrange","joseph fourier university"
"0A942FE1","40255DF4","007008D4","e flavigny","joseph fourier university"
"0A942FE1","40FD6790","0061C434","p monceau","joseph fourier university"
"0A942FE1","41D036D7","0057FB62","kien phan huy","joseph fourier university"
"0A942FE1","41D036D7","0057FB62","kien phan huy","joseph fourier university"
"0A95BA6C","01003C9B","739163","helena libalova","department of biochemistry university of oxford"
"0A95BA6C","02962D6A","00567BF8","donald j winzor","department of biochemistry university of oxford"
"0A95BA6C","0767648F","0063C19F","bernard l trumpower","department of biochemistry university of oxford"
"0A95BA6C","0AF33FBA","0083D424","pekka rappu","department of biochemistry university of oxford"
"0A95BA6C","0C5B79C7","00854D64","nitza l diazblanco","department of biochemistry university of oxford"
"0A95BA6C","0D081D08","00854D64","diana gomezgarzon","department of biochemistry university of oxford"
"0A95BA6C","0E6850A4","007675AB","kodukkur viswanathan pugalendi","department of biochemistry university of oxford"
"0A95BA6C","109540A9","00752FED","muhlise alvur","department of biochemistry university of oxford"
"0A95BA6C","109540A9","00752FED","muhlise alvur","department of biochemistry university of oxford"
"0A95BA6C","110AAC35","008175A7","thierry joel nangue","department of biochemistry university of oxford"
"0A95BA6C","11A487E1","00752FED","duygu erol suvaci","department of biochemistry university of oxford"
"0A95BA6C","11A487E1","00752FED","duygu erol suvaci","department of biochemistry university of oxford"
"0A95BA6C","138DE6E0","0083D424","laura laato","department of biochemistry university of oxford"
"0A95BA6C","14A52F5D","00854D64","jose f rodriguezquinones","department of biochemistry university of oxford"
"0A95BA6C","27841632","004A0732","akira nakai","department of biochemistry university of oxford"
"0A95BA6C","28BC42D5","00752FED","ali okuyucu","department of biochemistry university of oxford"
"0A95BA6C","28BC42D5","00752FED","ali okuyucu","department of biochemistry university of oxford"
"0A95BA6C","29221B3F","459102","kristina gruden","department of biochemistry university of oxford"
"0A95BA6C","295D2465","007C14C6","p bhusawang","department of biochemistry university of oxford"
"0A95BA6C","29B7F23F","007C14C6","maneewan suksomtip","department of biochemistry university of oxford"
"0A95BA6C","2A502619","00752FED","birsen bilgici","department of biochemistry university of oxford"
"0A95BA6C","2A502619","00752FED","birsen bilgici","department of biochemistry university of oxford"
"0A95BA6C","2A7CB7E3","0083D424","eveliina pakula","department of biochemistry university of oxford"
"0A95BA6C","2F8786E0","00752FED","abdulkerim bedir","department of biochemistry university of oxford"
"0A95BA6C","2F8786E0","00752FED","abdulkerim bedir","department of biochemistry university of oxford"
"0A95BA6C","30FEC9EA","004A7ADE","anton berns","department of biochemistry university of oxford"
"0A95BA6C","337F76ED","007C14C6","s pongsamart","department of biochemistry university of oxford"
"0A95BA6C","34994DBC","00622F07","ciska boucherie","department of biochemistry university of oxford"
"0A95BA6C","384E06ED","004EB0B2","beauty e omoruyi","department of biochemistry university of oxford"
"0A95BA6C","3855353E","00622F07","jan gettemans","department of biochemistry university of oxford"
"0A95BA6C","38747FA9","004A7ADE","marco l breuer","department of biochemistry university of oxford"
"0A95BA6C","38F9B127","008175A7","hilaire macaire womeni","department of biochemistry university of oxford"
"0A95BA6C","3B95D004","00622F07","j vandekerckhove","department of biochemistry university of oxford"
"0A95BA6C","3C24586E","00567BF8","john de jersey","department of biochemistry university of oxford"
"0A95BA6C","3E5DB6C5","005172AF","david baker","department of biochemistry university of oxford"
"0A95BA6C","3E924EAD","00752FED","m uysal","department of biochemistry university of oxford"
"0A95BA6C","3E924EAD","00752FED","m uysal","department of biochemistry university of oxford"
"0A95BA6C","3F24942C","0058EEB3","s w edwards","department of biochemistry university of oxford"
"0A95BA6C","3F5F0137","00752FED","zafer yurdakul","department of biochemistry university of oxford"
"0A95BA6C","3F5F0137","00752FED","zafer yurdakul","department of biochemistry university of oxford"
"0A95BA6C","3FA6EC37","00854D64","jose r rodriguezmedina","department of biochemistry university of oxford"
"0A95BA6C","3FBF9FBF","00854D64","felix e riveramolina","department of biochemistry university of oxford"
"0A95BA6C","3FC9BB9C","00556CE3","c canchaya","department of biochemistry university of oxford"
"0A95BA6C","3FDA8DD6","007140B9","miroslav sulc","department of biochemistry university of oxford"
"0A95BA6C","3FE97FAF","0080F645","michael r blackburn","department of biochemistry university of oxford"
"0A95BA6C","3FFAF534","0043FCD7","arthur g palmer","department of biochemistry university of oxford"
"0A95BA6C","4042C287","0054D2DA","akira ito","department of biochemistry university of oxford"
"0A95BA6C","404A25B2","00791D4C","john taylor","department of biochemistry university of oxford"
"0A95BA6C","4071C4A7","00791D4C","d j allen","department of biochemistry university of oxford"
"0A95BA6C","40A8718F","0075E960","j merregaert","department of biochemistry university of oxford"
"0A95BA6C","40E16A3D","004EB0B2","graeme bradley","department of biochemistry university of oxford"
"0A95BA6C","40EAF2C0","0058EEB3","b davies","department of biochemistry university of oxford"
"0A95BA6C","41039BEB","00622F07","veerle de corte","department of biochemistry university of oxford"
"0A95BA6C","412507D1","0083D424","camilla nylund","department of biochemistry university of oxford"
"0A95BA6C","41572EA5","0063B512","wantong yao","department of biochemistry university of oxford"
"0A95BA6C","4165D2D0","004A7ADE","sjef verbeek","department of biochemistry university of oxford"
"0A95BA6C","41823994","0072B2D2","marketa zvelebil","department of biochemistry university of oxford"
"0A95BA6C","41A35EC8","0083D424","jyrki heino","department of biochemistry university of oxford"
"0A95BA6C","41AFAFCC","006402F9","daehyun seog","department of biochemistry university of oxford"
"0A95BA6C","41F52C4A","0083D424","aleksi heino","department of biochemistry university of oxford"
"0A95BA6C","42129FC1","0054D2DA","takashi sato","department of biochemistry university of oxford"
"0A95BA6C","42372B9E","00791D4C","michelle grilley","department of biochemistry university of oxford"
"0A95BA6C","423C2A74","004A7ADE","maarten van lohuizen","department of biochemistry university of oxford"
"0A95BA6C","427861FF","005BBDC8","l bernier","department of biochemistry university of oxford"
"0A95BA6C","429DBC99","00829A8F","leslie r noble","department of biochemistry university of oxford"
"0A95BA6C","42B49921","005F1E88","robert w bryant","department of biochemistry university of oxford"
"0A95BA6C","42BB9CBB","007675AB","chinnadurai veeramani","department of biochemistry university of oxford"
"0A95BA6C","42CBFCAA","006BB83A","albert e chudley","department of biochemistry university of oxford"
"0A95BA6C","43196496","00791D4C","paul modrich","department of biochemistry university of oxford"
"0A9A849F","0DAC220F","005054EC","sharan kallolimath","lamar university"
"0A9A849F","123D3B25","005054EC","m p sitlani","lamar university"
"0A9A849F","3EAFAC35","005054EC","jiang zhou","lamar university"
"0A9A849F","408BA97D","00832B4F","peggy doerschuk","lamar university"
"0A9A849F","41483092","005054EC","s p lahoti","lamar university"
"0A9A849F","41939EF2","00832B4F","judith mann","lamar university"
"0A9A849F","41E59E80","005D31EE","sidney lin","lamar university"
"0A9A849F","41E59E80","005D31EE","sidney lin","lamar university"
"0A9A849F","424DFEA7","005D31EE","jiri selig","lamar university"
"0A9A849F","424DFEA7","005D31EE","jiri selig","lamar university"
"0ABDAF90","0CFFC603","004E1654","ryuji kohno","yokohama national university"
"0ABDAF90","27D25DD8","007C7E67","m toramaru","yokohama national university"
"0ABDAF90","39A85393","0058E61A","kimio kuramitsu","yokohama national university"
"0ABDAF90","3C0805F4","007C7E67","k shudo","yokohama national university"
"0ABDAF90","3E711381","00505FB3","yutaka noguchi","yokohama national university"
"0ABDAF90","3ED0BEF7","007C7E67","tsutomu iida","yokohama national university"
"0ABDAF90","3EF50356","007C7E67","k sato","yokohama national university"
"0ABDAF90","3F2D3463","00538EFB","tsutomu matsumoto","yokohama national university"
"0ABDAF90","3F920570","00538EFB","junji shikata","yokohama national university"
"0ABDAF90","4020DD61","005EBBEE","y umehara","yokohama national university"
"0ABDAF90","4020DD61","005EBBEE","y umehara","yokohama national university"
"0ABDAF90","406E8D5D","005EBBEE","hiroyuki arai","yokohama national university"
"0ABDAF90","406E8D5D","005EBBEE","hiroyuki arai","yokohama national university"
"0ABDAF90","41133D4B","00505FB3","k ohno","yokohama national university"
"0ABDAF90","41D0F908","006F2FB3","yasumasa fujii","yokohama national university"
"0ABDAF90","4246190F","007C7E67","m tanaka","yokohama national university"
"0ABDAF90","42A9CDB2","00538EFB","taiki ishiwata","yokohama national university"
"0ABDAF90","42CEFE73","007C7E67","s ohno","yokohama national university"
"0ABDAF90","42CF503E","00505FB3","shigenori ueda","yokohama national university"
"0AE810B3","11ED2B58","0045CA40","kamran kiasaleh","university of dallas"
"0AE810B3","3AFA2006","005F1A08","p p antich","university of dallas"
"0AE810B3","3E157B13","008430F4","j p fonseka","university of dallas"
"0AE810B3","41D01758","005F1A08","e tsyganov","university of dallas"
"0AE810B3","430DE1AC","006E2E1C","iling yen","university of dallas"
"0AEDF6E4","16833EB7","00445E5B","klaus wyser","swedish meteorological and hydrological institute"
"0AEDF6E4","36ACD529","00445E5B","mihaela caian","swedish meteorological and hydrological institute"
"0AEDF6E4","3F0EBAE7","00445E5B","ralf doscher","swedish meteorological and hydrological institute"
"0AEDF6E4","407E8739","00445E5B","torben koenigk","swedish meteorological and hydrological institute"
"0AF04895","40184FE4","0081B5A3","shaoxia zi","capital medical university"
"0B08755E","02C5E45F","0078AF72","gary a glatzmaier","university of california santa cruz"
"0B08755E","0D2E605F","00780C9B","joshua aizenman","university of california santa cruz"
"0B08755E","0EBD3035","4.98E+07","adrienne l zihlman","university of california santa cruz"
"0B08755E","0EF47B1E","004874D8","jane wilhelms","university of california santa cruz"
"0B08755E","14578FA4","007B3CC2","j f vesecky","university of california santa cruz"
"0B08755E","15F09BA4","0067319A","mark r krumholz","university of california santa cruz"
"0B08755E","2B496983","7.80E+12","v fadeyev","university of california santa cruz"
"0B08755E","2B746608","436740","michael isaacson","university of california santa cruz"
"0B08755E","2BD4B100","004EE586","peyman milanfar","university of california santa cruz"
"0B08755E","3F08FA2A","7.80E+12","h f w sadrozinski","university of california santa cruz"
"0B08755E","3F0AD811","436740","r adam seger","university of california santa cruz"
"0B08755E","3F1880A7","436147","yibing lin","university of california santa cruz"
"0B08755E","3F6415C2","7.80E+12","j e wright","university of california santa cruz"
"0B08755E","3F7339B9","006C99C7","j s kalirai","university of california santa cruz"
"0B08755E","3F9E0D27","005276D3","jorge cortes","university of california santa cruz"
"0B08755E","3FA7581B","436147","d d e long","university of california santa cruz"
"0B08755E","3FF3224F","0052BD14","ronald g eastman","university of california santa cruz"
"0B08755E","404FD61E","004EADFB","brian j raney","university of california santa cruz"
"0B08755E","407CE6D2","004EADFB","richard e green","university of california santa cruz"
"0B08755E","408B569C","0060520E","jason x prochaska","university of california santa cruz"
"0B08755E","40B0507B","436740","jeremy hieb","university of california santa cruz"
"0B08755E","40FDD662","007D39BF","daniel fernandez","university of california santa cruz"
"0B08755E","41AC1E22","7.80E+12","c betancourt","university of california santa cruz"
"0B08755E","41B7683E","004EE586","p chatterjee","university of california santa cruz"
"0B08755E","41BDB071","004ECDBB","james a estes","university of california santa cruz"
"0B08755E","41D1F714","436147","ethan l miller","university of california santa cruz"
"0B08755E","41D4EC7C","0078A519","e suhir","university of california santa cruz"
"0B08755E","420FCE6D","007D39BF","alex pang","university of california santa cruz"
"0B08755E","421A2716","007A2BFD","jean p brodie","university of california santa cruz"
"0B08755E","42A11C79","436147","scott a brandt","university of california santa cruz"
"0B08755E","42C6B8C9","004ECDBB","sora l kim","university of california santa cruz"
"0B08755E","42D2932B","004ECDBB","paul l koch","university of california santa cruz"
"0B08755E","42D9043C","0075608D","i g parker","university of california santa cruz"
"0B08755E","42FE5337","004EADFB","john st john","university of california santa cruz"
"0B08755E","4314B0EE","436740","d g rabus","university of california santa cruz"
"0B2B81D1","4076F68F","006B704D","huilan ao","south china normal university"
"0B2B81D1","40A84D3B","006B704D","huajiang wei","south china normal university"
"0B2B81D1","40CCE185","006B704D","da xing","south china normal university"
"0B2B81D1","419D488F","006B704D","huaimin gu","south china normal university"
"0B2E2FE2","3EA1D5E1","006758A8","aristeu vieira da silva","universidade paranaense"
"0B2E2FE2","3EE15D05","006758A8","eduardo jose de almeida araujo","universidade paranaense"
"0B2E2FE2","408CE8CF","006758A8","jorge fernandes de azevedo","universidade paranaense"
"0B2E2FE2","41E50691","006758A8","debora de mello goncales santana","universidade paranaense"
"0B2E2FE2","42F6BDFE","006758A8","celina sayuri shiraishi","universidade paranaense"
"0B560AE3","2B0181A4","006A1B81","manuel barata","indianapolis power light"
"0B5CD1C8","08BC80EC","004A64CC","jerker delsing","lulea university of technology"
"0B5CD1C8","0D787D7E","004A64CC","erika svanstrom","lulea university of technology"
"0B5CD1C8","298A56AC","0077DCB7","kerstin ohrling","lulea university of technology"
"0B5CD1C8","2D8B214D","006E469E","g hillerstrom","lulea university of technology"
"0B5CD1C8","3AF75417","006F1AB5","annika sallstrom","lulea university of technology"
"0B5CD1C8","3F50FAA5","004A64CC","torbjorn lofqvist","lulea university of technology"
"0B5CD1C8","3FB0AABB","0077DCB7","birgitta lindberg","lulea university of technology"
"0B5CD1C8","40B5E9F2","006E469E","j sternby","lulea university of technology"
"0B5CD1C8","40C891FF","0077DCB7","karin axelsson","lulea university of technology"
"0B5CD1C8","41F1D45A","0046DC98","sara sandberg","lulea university of technology"
"0B5CD1C8","41F1D45A","0046DC98","sara sandberg","lulea university of technology"
"0B5CD1C8","41F1D45A","0046DC98","sara sandberg","lulea university of technology"
"0B5CD1C8","41FCB9DD","0077E607","erik olsson","lulea university of technology"
"0B78A057","04103A92","005DBE8C","phillip d walkington","sandia national laboratories"
"0B78A057","0997A1F8","005AA374","olga b spahn","sandia national laboratories"
"0B78A057","0CEB7653","827681","d m fleetwood","sandia national laboratories"
"0B78A057","120A6D57","00781EDC","gerard e sleefe","sandia national laboratories"
"0B78A057","1479355E","0048A1D6","janelle villone","sandia national laboratories"
"0B78A057","18164B50","006AF151","jason stamp","sandia national laboratories"
"0B78A057","2677285A","007F4668","w a hareland","sandia national laboratories"
"0B78A057","27C0B59C","0081EEE5","d k serkland","sandia national laboratories"
"0B78A057","27E52D70","0048A1D6","k hattar","sandia national laboratories"
"0B78A057","28C4A0AD","007F4668","richard j buss","sandia national laboratories"
"0B78A057","2A345336","0061668A","g allen vawter","sandia national laboratories"
"0B78A057","2A345336","0061668A","g allen vawter","sandia national laboratories"
"0B78A057","2F8E2638","0046DA31","f el gabaly","sandia national laboratories"
"0B78A057","375A0C23","0048A1D6","bernadette a hernandezsanchez","sandia national laboratories"
"0B78A057","37FBB1A3","0078739E","h q hou","sandia national laboratories"
"0B78A057","3AC34BED","004EEC6E","m e cuneo","sandia national laboratories"
"0B78A057","3B602273","0064301D","thomas j kulp","sandia national laboratories"
"0B78A057","3C260F8C","004EEC6E","e m waisman","sandia national laboratories"
"0B78A057","3C99F15D","827681","j r schwank","sandia national laboratories"
"0B78A057","3D6A7F07","004EEC6E","d b sinars","sandia national laboratories"
"0B78A057","3D7A219D","004AF5AA","thomas m conboy","sandia national laboratories"
"0B78A057","3E4139A6","0058830F","armando fresquez","sandia national laboratories"
"0B78A057","3E729758","0054703F","david g wilson","sandia national laboratories"
"0B78A057","3EB291A6","004AF5AA","stephen g wright","sandia national laboratories"
"0B78A057","3EBB0F3E","0054703F","rush d robinett","sandia national laboratories"
"0B78A057","3EE659BB","0048A1D6","f p doty","sandia national laboratories"
"0B78A057","3EEB9EF3","0058830F","michael montoya","sandia national laboratories"
"0B78A057","3EF7FF1F","007D7213","j a knapp","sandia national laboratories"
"0B78A057","3F2365DF","004EEC6E","b jones","sandia national laboratories"
"0B78A057","3F275C7F","004EEC6E","m jones","sandia national laboratories"
"0B78A057","3F2BD003","004AF5AA","gary rochau","sandia national laboratories"
"0B78A057","3F5A9593","005A63E8","r d horton","sandia national laboratories"
"0B78A057","3F90E219","0046DA31","n c bartelt","sandia national laboratories"
"0B78A057","3FBD29B2","0063AAEF","d b mcgarrah","sandia national laboratories"
"0B78A057","3FC42C57","0061668A","m j hafich","sandia national laboratories"
"0B78A057","3FC42C57","0061668A","m j hafich","sandia national laboratories"
"0B78A057","3FE07BFD","004FC79E","terry j garino","sandia national laboratories"
"0B78A057","400F29F6","006C5084","shi ying lin","sandia national laboratories"
"0B78A057","400F29F6","006C5084","shi ying lin","sandia national laboratories"
"0B78A057","40293E2F","004AF5AA","darryn fleming","sandia national laboratories"
"0B78A057","4047F762","0064301D","s e bisson","sandia national laboratories"
"0B78A057","404FDAC4","004AF5AA","james pasch","sandia national laboratories"
"0B78A057","405C99EE","004A44B7","p j brannon","sandia national laboratories"
"0B78A057","406885EE","005DBE8C","dennis p roach","sandia national laboratories"
"0B78A057","409AD121","005A856A","r mittra","sandia national laboratories"
"0B78A057","40D35044","004EEC6E","r w lemke","sandia national laboratories"
"0B78A057","40E4D3E2","0082587C","ralph w young","sandia national laboratories"
"0B78A057","40F2333C","0048A1D6","timothy j boyle","sandia national laboratories"
"0B78A057","40FD80B0","004EEC6E","j l porter","sandia national laboratories"
"0B78A057","411B1D5C","0058830F","j f e johnson","sandia national laboratories"
"0B78A057","413DA355","007E46ED","edward i cole","sandia national laboratories"
"0B78A057","416242BB","0048A1D6","pin yang","sandia national laboratories"
"0B78A057","4192939E","0082587C","m s carroll","sandia national laboratories"
"0B78A057","41DBC1E8","005A856A","r e jorgenson","sandia national laboratories"
"0B78A057","41E5E51E","0061668A","h q hou","sandia national laboratories"
"0B78A057","41E5E51E","0061668A","h q hou","sandia national laboratories"
"0B78A057","41E5E51E","006F5E6C","h q hou","sandia national laboratories"
"0B78A057","41F3504B","005DBE8C","john h gieske","sandia national laboratories"
"0B78A057","423CB042","0082587C","james e levy","sandia national laboratories"
"0B78A057","4265260E","00781EDC","timothy s mcdonald","sandia national laboratories"
"0B78A057","42A236EE","00781EDC","mark d ladd","sandia national laboratories"
"0B78A057","42C4B955","0085E2FB","cecil e land","sandia national laboratories"
"0B78A057","42DBE852","00781EDC","gregory j elbring","sandia national laboratories"
"0B78A057","42E5A6B5","0048A1D6","sarah m hoppe","sandia national laboratories"
"0B78A057","42F9B81F","0058830F","sigifredo gonzalez","sandia national laboratories"
"0B78A057","4308DAFD","0061668A","j c zolper","sandia national laboratories"
"0B78A057","4308DAFD","0061668A","j c zolper","sandia national laboratories"
"0BCB37E4","3F2247BB","006E37DB","sukyoub kang","korea maritime and ocean university"
"0BFDC947","431F4779","0048174A","j janecek","superior national school of advanced techniques"
"0C01DCFD","01A70218","0050B939","jeff bilmes","university of washington"
"0C01DCFD","02C4D81B","469998","magdalena balazinska","university of washington"
"0C01DCFD","07B13B91","0082384E","yasuo kuga","university of washington"
"0C01DCFD","07B13B91","0082384E","yasuo kuga","university of washington"
"0C01DCFD","07EFB2DC","0069F83F","susan r heckbert","university of washington"
"0C01DCFD","0818BCDE","007EBC55","m j damborg","university of washington"
"0C01DCFD","0EA1263B","006FA14B","l e atlas","university of washington"
"0C01DCFD","0F52BDC9","850947","tapan s parikh","university of washington"
"0C01DCFD","11050917","0050B939","ivan bulyko","university of washington"
"0C01DCFD","1114A122","0069F83F","paul ciechanowski","university of washington"
"0C01DCFD","1374FB6C","0069F83F","wayne j katon","university of washington"
"0C01DCFD","13DC3A96","006F7A8A","andrew j dombard","university of washington"
"0C01DCFD","18F182F2","00609F74","tetsuo hatsuda","university of washington"
"0C01DCFD","1B616C00","005A6653","bruce balick","university of washington"
"0C01DCFD","209927F1","006CBE03","henry m levy","university of washington"
"0C01DCFD","21737B1A","006F1A3C","kris v kowdley","university of washington"
"0C01DCFD","22F0A48F","845246","santica m marcovina","university of washington"
"0C01DCFD","25BDED89","0082384E","akira ishimaru","university of washington"
"0C01DCFD","25BDED89","0082384E","akira ishimaru","university of washington"
"0C01DCFD","2C2950F6","0043DC49","mary l disis","university of washington"
"0C01DCFD","2D42D0F9","0063556B","alexander e pozhitkov","university of washington"
"0C01DCFD","30B251D5","007343B3","igor v novosselov","university of washington"
"0C01DCFD","3153876F","827895","deborah thomasjones","university of washington"
"0C01DCFD","3A6415F4","0066258A","jashvant d unadkat","university of washington"
"0C01DCFD","3B534220","0045D834","michael d ernst","university of washington"
"0C01DCFD","3BA9CC66","0050B939","mari ostendorf","university of washington"
"0C01DCFD","3BC7E4B5","827895","elaine a thompson","university of washington"
"0C01DCFD","3C3BC8E1","00739E1C","dhirubhai v kanani","university of washington"
"0C01DCFD","3C6EEFE1","006D0B40","jun xin","university of washington"
"0C01DCFD","3D56E265","0071B8F3","samir s deeb","university of washington"
"0C01DCFD","3E565BD8","007343B3","k boyd fackler","university of washington"
"0C01DCFD","3E6357DC","006CBE03","susan eggers","university of washington"
"0C01DCFD","3E8952B5","006FA14B","qin li","university of washington"
"0C01DCFD","3EB1A7BD","005DB846","chi ho eric cheung","university of washington"
"0C01DCFD","3EC1AB0D","0048CAE3","kevin lai","university of washington"
"0C01DCFD","3EC9D14F","007343B3","megan f karalus","university of washington"
"0C01DCFD","3ED09CD4","469998","laurel j orr","university of washington"
"0C01DCFD","3EFAB31F","007897C8","m p anantram","university of washington"
"0C01DCFD","3EFAB31F","007897C8","m p anantram","university of washington"
"0C01DCFD","3F08DB79","469998","f governato","university of washington"
"0C01DCFD","3F09ABBE","00575CF2","gregory m cooper","university of washington"
"0C01DCFD","3F1C5DD7","00566B8A","mirela andronescu","university of washington"
"0C01DCFD","3F324577","578533","prasang upadhyaya","university of washington"
"0C01DCFD","3F35CE2D","0066258A","alice ban ke","university of washington"
"0C01DCFD","3F4F0315","006D950C","chrystie hill","university of washington"
"0C01DCFD","3F5ED824","0061373E","rekha r thomas","university of washington"
"0C01DCFD","3F7B5158","004E74D0","antao chen","university of washington"
"0C01DCFD","3F7B5158","004E74D0","antao chen","university of washington"
"0C01DCFD","3F7F90BE","006D0B40","mingting sun","university of washington"
"0C01DCFD","3F8076A9","0047B19E","j sandhu","university of washington"
"0C01DCFD","3F816D27","007897C8","jie liu","university of washington"
"0C01DCFD","3F816D27","007897C8","jie liu","university of washington"
"0C01DCFD","3F861923","0080CDD8","j g kingsolver","university of washington"
"0C01DCFD","3F9251C1","005868D1","r d olson","university of washington"
"0C01DCFD","3FBE67D6","0048CAE3","liefeng bo","university of washington"
"0C01DCFD","3FC7231B","00707EEF","norman e breslow","university of washington"
"0C01DCFD","40102F5B","006D950C","joseph janes","university of washington"
"0C01DCFD","402CF1FB","006C99C7","ivan king","university of washington"
"0C01DCFD","405D0083","476452","elton t young","university of washington"
"0C01DCFD","4061EB21","007897C8","xu xu","university of washington"
"0C01DCFD","4061EB21","007897C8","xu xu","university of washington"
"0C01DCFD","406EF056","0077842C","j davies","university of washington"
"0C01DCFD","40728916","469998","lauren anderson","university of washington"
"0C01DCFD","4073C240","8.37E+22","sungup choi","university of washington"
"0C01DCFD","407F7BD6","005C8E63","m b blake","university of washington"
"0C01DCFD","40821A4A","526665","peter d ward","university of washington"
"0C01DCFD","408E9A14","005DB846","christina m mastrangelo","university of washington"
"0C01DCFD","408FC713","006F7A8A","roger j phillips","university of washington"
"0C01DCFD","40B26BF6","0080CDD8","robert b srygley","university of washington"
"0C01DCFD","40B70A2E","006CF107","c d jones","university of washington"
"0C01DCFD","40BF8C6E","8.37E+22","tot bui","university of washington"
"0C01DCFD","40CCC44A","469998","daniel halperin","university of washington"
"0C01DCFD","4102A20D","850947","paul javid","university of washington"
"0C01DCFD","4117D5ED","005D618C","r a yotter","university of washington"
"0C01DCFD","411DE928","006CBE03","joshua a redstone","university of washington"
"0C01DCFD","411EDE63","005D618C","dale wilson","university of washington"
"0C01DCFD","41310CD9","007EBC55","m sznaier","university of washington"
"0C01DCFD","4141A9B3","007263F5","leung tsang","university of washington"
"0C01DCFD","4141A9B3","007263F5","leung tsang","university of washington"
"0C01DCFD","4148B2E6","469998","thomas quinn","university of washington"
"0C01DCFD","414A26ED","0077842C","p sullivan","university of washington"
"0C01DCFD","41534202","00707EEF","jami moksness","university of washington"
"0C01DCFD","4157739D","004D0413","mehran mesbahi","university of washington"
"0C01DCFD","417F7F1A","006D950C","alex rolfe","university of washington"
"0C01DCFD","4189AE85","0077842C","jocelyn takayesu","university of washington"
"0C01DCFD","418C1A9D","8.37E+22","rodney j y ho","university of washington"
"0C01DCFD","41BD5EAB","0052C9B1","r namani","university of washington"
"0C01DCFD","41BF9C2D","476452","michael morrison","university of washington"
"0C01DCFD","41CC6D3E","469998","jennifer ortiz","university of washington"
"0C01DCFD","41DCCB29","007343B3","john c kramlich","university of washington"
"0C01DCFD","42223E3A","005F9D68","taylor g sandison","university of washington"
"0C01DCFD","4223E500","006EBDDD","m m eliot","university of washington"
"0C01DCFD","42277F37","007D6647","jie guo","university of washington"
"0C01DCFD","42277F37","007D6647","jie guo","university of washington"
"0C01DCFD","422B6D89","526665","randall s perry","university of washington"
"0C01DCFD","422F7CA5","00739E1C","k h okeefe","university of washington"
"0C01DCFD","4246B252","005868D1","p s mushlin","university of washington"
"0C01DCFD","424E73FA","0077842C","larry r dalton","university of washington"
"0C01DCFD","42511BC6","0048CAE3","dieter fox","university of washington"
"0C01DCFD","42586EF3","476452","s k thukral","university of washington"
"0C01DCFD","42658EC9","0069F83F","lisa h williams","university of washington"
"0C01DCFD","4272BE64","469998","lee lee choo","university of washington"
"0C01DCFD","427C8655","00846FD1","aseem prakash","university of washington"
"0C01DCFD","427ECE1D","0045D834","sai zhang","university of washington"
"0C01DCFD","42905387","0057159B","charles loop","university of washington"
"0C01DCFD","4295F361","845246","steven e kahn","university of washington"
"0C01DCFD","42A0F1DF","007343B3","phillip c malte","university of washington"
"0C01DCFD","42C6E9B3","004B43DB","pablo montoya","university of washington"
"0C01DCFD","42C7BFC4","827895","leona l eggert","university of washington"
"0C01DCFD","42D1044B","004D0413","airlie chapman","university of washington"
"0C01DCFD","430456EF","8.38E+08","m azadeh","university of washington"
"0C01DCFD","4310DF09","00790C61","merritt e a sarfaty s jobling m g chang t holmes r k hirst t r hol w g","university of washington"
"0C01DCFD","4317B9B6","007D6647","jianjun guo","university of washington"
"0C01DCFD","4317B9B6","007D6647","jianjun guo","university of washington"
"0C37CBAD","00877CA6","0085C6C3","dai tongyu","harbin institute of technology"
"0C37CBAD","0361DBEC","0085C6C3","yao baoquan","harbin institute of technology"
"0C37CBAD","090324CE","005F58D2","wang youshan","harbin institute of technology"
"0C37CBAD","096A2196","005F58D2","zhao guifan","harbin institute of technology"
"0C37CBAD","0E3C1CA1","0085C6C3","ligang","harbin institute of technology"
"0C37CBAD","0EFD262D","0085C6C3","wang yuezhu","harbin institute of technology"
"0C37CBAD","13CF7A8E","0070ADE0","zhang xingyuan","harbin institute of technology"
"0C37CBAD","14C40BEC","005F58D2","yang dongyu","harbin institute of technology"
"0C37CBAD","2B6EC66E","005BBDFE","ge lianzheng","harbin institute of technology"
"0C37CBAD","2DC0733A","006EB84B","guangren duan","harbin institute of technology"
"0C37CBAD","388D6C3B","0048EE5C","guijun xian","harbin institute of technology"
"0C37CBAD","3AD48BAB","00775CAE","yong huang","harbin institute of technology"
"0C37CBAD","3BA885D6","0077ABFA","bo wu","harbin institute of technology"
"0C37CBAD","3C54104C","005BBDFE","cao chuqing","harbin institute of technology"
"0C37CBAD","3CC9D2CA","00835D8E","ping zheng","harbin institute of technology"
"0C37CBAD","3E5B06C3","00784B9C","jinbao li","harbin institute of technology"
"0C37CBAD","3E765BF1","007D1A18","jian wu","harbin institute of technology"
"0C37CBAD","3E8B85CA","0085C6C3","shen yingjie","harbin institute of technology"
"0C37CBAD","3E92CC57","005DFDA7","shao jingbo","harbin institute of technology"
"0C37CBAD","3E97D457","006EB84B","yu xue","harbin institute of technology"
"0C37CBAD","3E9A0DF2","006EB84B","aiguo wu","harbin institute of technology"
"0C37CBAD","3EB115BB","486127","zhigang chen","harbin institute of technology"
"0C37CBAD","3EB90541","486127","guangyu zhang","harbin institute of technology"
"0C37CBAD","3ECA36A3","0064E7BE","siyao cheng","harbin institute of technology"
"0C37CBAD","3ECEB135","0054668A","yaowu wang","harbin institute of technology"
"0C37CBAD","3ED39AD9","007701D7","xin yang","harbin institute of technology"
"0C37CBAD","3EDB06F3","00775CAE","hui li","harbin institute of technology"
"0C37CBAD","3EDB06F3","0048EE5C","hui li","harbin institute of technology"
"0C37CBAD","3EF282FB","0054668A","xiaolong xue","harbin institute of technology"
"0C37CBAD","3EF42BF4","006E64C2","zhenshen qu","harbin institute of technology"
"0C37CBAD","3EF8AB72","0081A63E","yaxin liu","harbin institute of technology"
"0C37CBAD","3EFB6684","0053EA46","y z wang","harbin institute of technology"
"0C37CBAD","3F02DC5F","00656BB6","debin zhao","harbin institute of technology"
"0C37CBAD","3F02DC5F","00656BB6","debin zhao","harbin institute of technology"
"0C37CBAD","3F0B41FE","00538CF8","fujuan guo","harbin institute of technology"
"0C37CBAD","3F24243D","007701D7","ying ma","harbin institute of technology"
"0C37CBAD","3F2B47F6","0081A63E","liguo chen","harbin institute of technology"
"0C37CBAD","3F4383BE","008169FC","lianshan lin","harbin institute of technology"
"0C37CBAD","3F445877","006D36D1","dongyan tang","harbin institute of technology"
"0C37CBAD","3F58D1B8","0077ABFA","yanlang dong","harbin institute of technology"
"0C37CBAD","3F60BBF1","007701D7","jiwen cui","harbin institute of technology"
"0C37CBAD","3F6B6D33","0077ABFA","dongguang xu","harbin institute of technology"
"0C37CBAD","3F816D27","006D36D1","jie liu","harbin institute of technology"
"0C37CBAD","3F86FEA6","006E64C2","fan wen","harbin institute of technology"
"0C37CBAD","3F99341A","0053EA46","c t wu","harbin institute of technology"
"0C37CBAD","3FA85B85","486127","f zhou","harbin institute of technology"
"0C37CBAD","3FA91EE7","0077ABFA","shenglin wu","harbin institute of technology"
"0C37CBAD","3FBA3E9D","006E64C2","bin hu","harbin institute of technology"
"0C37CBAD","3FBAB4FF","0081A63E","lining sun","harbin institute of technology"
"0C37CBAD","3FBAB4FF","004A132A","lining sun","harbin institute of technology"
"0C37CBAD","3FBD2479","004A132A","mantian li","harbin institute of technology"
"0C37CBAD","3FC10E79","0063D399","jiajun wen","harbin institute of technology"
"0C37CBAD","3FDE291E","007701D7","j w qiu","harbin institute of technology"
"0C37CBAD","3FE314E6","00835D8E","qian wu","harbin institute of technology"
"0C37CBAD","3FF2B9C0","00835D8E","wei shi","harbin institute of technology"
"0C37CBAD","3FFF6223","008169FC","xianhe shao","harbin institute of technology"
"0C37CBAD","40131DD4","004A132A","yanyan chu","harbin institute of technology"
"0C37CBAD","401D969B","00495E5B","zhang qinyu","harbin institute of technology"
"0C37CBAD","401D969B","00495E5B","zhang qinyu","harbin institute of technology"
"0C37CBAD","401D969B","00495E5B","zhang qinyu","harbin institute of technology"
"0C37CBAD","4025815B","0053EA46","y f li","harbin institute of technology"
"0C37CBAD","4031179A","0085C6C3","ju youlun","harbin institute of technology"
"0C37CBAD","40371AB9","005DFDA7","li fangfang","harbin institute of technology"
"0C37CBAD","4057CC86","0077ABFA","keding zhao","harbin institute of technology"
"0C37CBAD","40723469","008169FC","xi li","harbin institute of technology"
"0C37CBAD","4082368E","750554","ma yun fei","harbin institute of technology"
"0C37CBAD","40B7C9A6","007D1A18","fanyi meng","harbin institute of technology"
"0C37CBAD","40BA8E72","007DBB88","wei cai","harbin institute of technology"
"0C37CBAD","40BB9CE3","00775CAE","yongchao yang","harbin institute of technology"
"0C37CBAD","40BC176A","00842AC3","chaoyong li","harbin institute of technology"
"0C37CBAD","40C6D7B9","006D36D1","yudi guo","harbin institute of technology"
"0C37CBAD","40DD31E4","0070ADE0","liu jixiao","harbin institute of technology"
"0C37CBAD","40E82D52","005BBDFE","li ruifeng","harbin institute of technology"
"0C37CBAD","40F02165","0085C6C3","duan xiaoming","harbin institute of technology"
"0C37CBAD","40F0DDE7","0050EB83","xiangyu chen","harbin institute of technology"
"0C37CBAD","40F6EA20","486127","dewei sun","harbin institute of technology"
"0C37CBAD","41062F0B","007DBB88","jiehe sui","harbin institute of technology"
"0C37CBAD","41078DE0","480920","huifeng tan","harbin institute of technology"
"0C37CBAD","410AA58D","00538CF8","dongmei yang","harbin institute of technology"
"0C37CBAD","410BC202","005072C6","guilin li","harbin institute of technology"
"0C37CBAD","4114F1AF","004F9FAE","shengyang he","harbin institute of technology"
"0C37CBAD","4132E7EF","005F58D2","zhu yueying","harbin institute of technology"
"0C37CBAD","4161C19C","0070ADE0","li songjing","harbin institute of technology"
"0C37CBAD","417E2A28","004F9FAE","yaqin zhao","harbin institute of technology"
"0C37CBAD","418A8C5F","00709CDF","jingjie guo","harbin institute of technology"
"0C37CBAD","41910D47","00495E5B","meng jing","harbin institute of technology"
"0C37CBAD","41910D47","00495E5B","meng jing","harbin institute of technology"
"0C37CBAD","41910D47","00495E5B","meng jing","harbin institute of technology"
"0C37CBAD","41AF18DA","0081A63E","yufeng yao","harbin institute of technology"
"0C37CBAD","41B82F8D","007DBB88","zhijiang wang","harbin institute of technology"
"0C37CBAD","41B9AC90","00495E5B","lu ting","harbin institute of technology"
"0C37CBAD","41B9AC90","00495E5B","lu ting","harbin institute of technology"
"0C37CBAD","41B9AC90","00495E5B","lu ting","harbin institute of technology"
"0C37CBAD","41E0ED61","004E2A88","jiangyuan mei","harbin institute of technology"
"0C37CBAD","41EB94C4","0048EE5C","chuan wang","harbin institute of technology"
"0C37CBAD","41ED90E6","006E64C2","changhong wang","harbin institute of technology"
"0C37CBAD","41FD9C69","007BF333","shu jie","harbin institute of technology"
"0C37CBAD","421E70DD","00709CDF","hengzhi fu","harbin institute of technology"
"0C37CBAD","4224DD3B","007D1A18","mingfeng wu","harbin institute of technology"
"0C37CBAD","422BC68D","004E2A88","chunwei song","harbin institute of technology"
"0C37CBAD","4236A672","00835D8E","chengde tong","harbin institute of technology"
"0C37CBAD","423796BE","0053EA46","y l ju","harbin institute of technology"
"0C37CBAD","4243D9A5","0064E7BE","jianzhong li","harbin institute of technology"
"0C37CBAD","4243D9A5","0084F060","jianzhong li","harbin institute of technology"
"0C37CBAD","4243D9A5","005072C6","jianzhong li","harbin institute of technology"
"0C37CBAD","424CA47B","007701D7","d c xu","harbin institute of technology"
"0C37CBAD","42506E9D","00835D8E","jing zhao","harbin institute of technology"
"0C37CBAD","4250A7ED","007D1A18","lewei li","harbin institute of technology"
"0C37CBAD","425A5635","00835D8E","ranran liu","harbin institute of technology"
"0C37CBAD","4263939B","0067C02B","han ji qing","harbin institute of technology"
"0C37CBAD","426D835E","00842AC3","wuxing jing","harbin institute of technology"
"0C37CBAD","4278707D","480920","yunliang li","harbin institute of technology"
"0C37CBAD","42AE3628","004E2A88","changxing ding","harbin institute of technology"
"0C37CBAD","42B5CA93","00709CDF","y bai","harbin institute of technology"
"0C37CBAD","42B8F5E3","005F58D2","wang dafang","harbin institute of technology"
"0C37CBAD","42E51600","004E2A88","huijun gao","harbin institute of technology"
"0C37CBAD","42F1DC49","0063D399","yan chen","harbin institute of technology"
"0C37CBAD","42F98EB4","007D1A18","qun wu","harbin institute of technology"
"0C37CBAD","42FB3CD2","0084F060","wei zhang","harbin institute of technology"
"0C37CBAD","430E9479","00709CDF","weisheng bi","harbin institute of technology"
"0C37CBAD","4315075D","00709CDF","daming xu","harbin institute of technology"
"0C37CBAD","432DF19C","005072C6","longjiang guo","harbin institute of technology"
"0C629EED","42339045","0049170E","md selim habib","lahore university of management sciences"
"0D877EE0","4135E726","00655CDB","r m samant","narsee monjee institute of management studies"
"0E7B8453","3EE4BE59","005FBD35","t colombo","instituto portugues do mar e da atmosfera"
"0EF6F94F","3FE24677","833104","s riter","terex"
"0F36910E","31F68BE3","006F65E0","p laguna","university of zaragoza"
"0F36910E","3CAC718D","0048C7FF","i marqueslopes","university of zaragoza"
"0F36910E","40D4741D","00563CFE","manuel glezbedia","university of zaragoza"
"11CD7842","40460F24","772911","nico van strien","international rhino foundation"
"2C5EAF9E","3F3C3C32","629994","alvin ibarra","naturex incorporated south hackensack new jersey united states of america"
"2C711563","3FCA1B7D","006CDFC5","haining zhou","north china electr power university beijing"
"2C711563","408BEAB0","006CDFC5","daping xu","north china electr power university beijing"
"2C711563","413CA70C","551647","hua zheng","north china electr power university beijing"
"2C711563","41913693","006CDFC5","xiyun yang","north china electr power university beijing"
"2C711563","42B7382B","006CDFC5","xiaojuan han","north china electr power university beijing"
"2C79FF69","2F359B5C","0065D450","peter m grudberg","xia llc hayward ca usa"
"2C79FF69","352DCAA5","0065D450","w k warburton","xia llc hayward ca usa"
"2C79FF69","3FCA65DE","0065D450","hui tan","xia llc hayward ca usa"
"2C79FF69","426ED68E","0065D450","w hennig","xia llc hayward ca usa"
"2C79FF69","42F5D4F3","0065D450","m walby","xia llc hayward ca usa"
"2CFF38B7","014B4F04","005DCA9C","innocenzo rainero","universita di torino clinica neurologica italy italy"
"2CFF38B7","42A8248F","005DCA9C","lorenzo pinessi","universita di torino clinica neurologica italy italy"
"2CFF38B7","42D40EA3","005DCA9C","lodovico bergamini","universita di torino clinica neurologica italy italy"
"2D2E6810","3EAEDFDA","005949D7","fatima oulebsir boumghar","usthb"
"2D2E6810","410C601A","005949D7","radia haroun","usthb"
"2D41690E","164EBDE4","005D10D6","r kh sadikova","m v lomonosov moscow academy of chemical technology russia russia"
"2D7C515F","420A25CB","006444CE","k kral","institute of phys academy of science of the czech republic prague czech republic"
"2D7C515F","420A25CB","006444CE","k kral","institute of phys academy of science of the czech republic prague czech republic"
"2D8E17DE","298053C5","006F637C","e hofer","karl franzens universitat graz"
"2DA9F1C7","3EF313A2","00674B84","cen qiu","department of pathology changhai hospital shanghai 200433 p r china"
"2DA9F1C7","3EFB0C3F","00674B84","jianming zheng","department of pathology changhai hospital shanghai 200433 p r china"
"2DA9F1C7","3FC12B75","00674B84","dalie ma","department of pathology changhai hospital shanghai 200433 p r china"
"2DA9F1C7","3FFC4F4E","00674B84","chenguang bai","department of pathology changhai hospital shanghai 200433 p r china"
"2DA9F1C7","412823DB","00674B84","jingjing xu","department of pathology changhai hospital shanghai 200433 p r china"
"2DB84BB9","0E5B7476","808735","stefano urbini","istituto nazionale di geofisica e vulcanologia"
"2E099C5F","24C8324A","0064A113","walter massing","stfidtische nervenklinik langenhagen"
"2E15BE90","2B6122B5","520077","g vannuccini","dipt di elettronica e telecomunicazioni firenze university italy"
"2E15BE90","2B6122B5","520077","g vannuccini","dipt di elettronica e telecomunicazioni firenze university italy"
"2E15BE90","3EF0F648","520077","r fantacci","dipt di elettronica e telecomunicazioni firenze university italy"
"2E15BE90","3EF0F648","520077","r fantacci","dipt di elettronica e telecomunicazioni firenze university italy"
"2E15BE90","41795169","520077","t pecorella","dipt di elettronica e telecomunicazioni firenze university italy"
"2E15BE90","41795169","520077","t pecorella","dipt di elettronica e telecomunicazioni firenze university italy"
"2E15BE90","41D5E46C","520077","g vestri","dipt di elettronica e telecomunicazioni firenze university italy"
"2E15BE90","41D5E46C","520077","g vestri","dipt di elettronica e telecomunicazioni firenze university italy"
"2E160372","3F6ACCCB","577715","m sarma","institute of research"
"2E3CFC17","0AA6CC6B","0058F91C","timothy w bredy","queensland brain institute brisbane australia"
"2E3CFC17","0AA6CC6B","0058F91C","timothy w bredy","queensland brain institute brisbane australia"
"2E3CFC17","3E67DF8A","0058F91C","charlotte r flavell","queensland brain institute brisbane australia"
"2E3CFC17","3E67DF8A","0058F91C","charlotte r flavell","queensland brain institute brisbane australia"
"2E3CFC17","3EC33070","0058F91C","elliot lambert","queensland brain institute brisbane australia"
"2E3CFC17","3EC33070","0058F91C","elliot lambert","queensland brain institute brisbane australia"
"2E408978","0B171F8E","0044B774","l dikmarova","karpenko physico mech institute academy of science lvov ukraine"
"2E63927F","40580317","007911FE","zongjun ning","purple mountain observatory beijing west road no 2 nanjing 210008 chinaningzongjun pmo ac cn"
"2E73F26D","430E6BE6","004BF558","douglas w gage","naval command control and ocean surveillance ctr usa"
"2E82ECDE","27EB3391","598836","f taillade","laboratories central des ponts et chaussees france"
"2E9081EF","2A260BFC","0071778A","r w hankes","a c equip services milwaukee wi usa"
"2E959AB9","1683C897","00738B2F","nathalie guffon","hopital femme mere enfant"
"2EC2CBCB","287F99DE","0048A25E","k w ruprecht","augenklinik universitatskliniken des saarlands homburg saar xx"
"2EC2CBCB","3BEB3FAB","0048A25E","r weik","augenklinik universitatskliniken des saarlands homburg saar xx"
"2EC2CBCB","3EEFDAF9","0048A25E","bernhild heinemann","augenklinik universitatskliniken des saarlands homburg saar xx"
"2EE37D77","17BBD390","00561FD7","j r kinghorn","division of plant ecology and evolution school of biological and medical sciences university of st"
"2EED2584","42DC9F4D","005A6653","a saha","national optical astronomy observatories tucson az 85726 6732 usa"
"2EEFCEBD","41371620","006AB586","v a smirnov","optigrate"
"2F0A531E","3F8CD532","005F57AB","takuma shirasaka","national hospital organization osaka national hospital"
"2F0A531E","3F8CD532","005F57AB","takuma shirasaka","national hospital organization osaka national hospital"
"2F107AE7","36CC2BFA","0052E758","christoph elsing","1department of gastroenterology st elisabeth hospital dorsten germany"
"2F239B8E","017DB16C","00511A9A","josko sindik","djecji vrtic trnoruÅ¾ica zagreb hrvatska"
"2F26964C","30E47B5C","823958","tadashi imoriya","matsushita electronics corporation japan"
"2F26964C","3C386F86","823958","yoshihiro todokoro","matsushita electronics corporation japan"
"2F26964C","3E8C9EE9","823958","hisashi watanabe","matsushita electronics corporation japan"
"2F26964C","3F16B640","823958","takashi saito","matsushita electronics corporation japan"
"2F26964C","411A4D18","823958","morio inoue","matsushita electronics corporation japan"
"2F26964C","41E0295A","823958","emiko sugiura","matsushita electronics corporation japan"
"2F27E6F3","432AB85A","0067A9AB","hideo murayama","national institute of radiol science chiba japan"
"2F2DFE9B","403B1A06","534070","tetsuro sano","pharmaceutical development pharmaceutical division kowa company ltd chuo tokyo 103 8433 japan"
"2F3007C2","08C458DF","0075B8FE","henrik lindhjem","norwegian institute for nature research nina"
"2F4E4B9F","3C1AAA01","0073D815","renshi sawada","ntt opto electron laboratories tokyo japan"
"2F645182","3E2B42B9","4.49E+05","michael minardi","air force research laboratories"
"2F645182","414F7630","4.49E+05","erik blasch","air force research laboratories"
"2F645182","42E15343","4.49E+05","uttam majumder","air force research laboratories"
"2F6A4311","3F273F9E","0069A688","jong uk kim","center for pioneering medicine phys research cpmr korea electrotechnol research institute keri ansan"
"2F6A4311","424D75F9","0069A688","hae young choi","center for pioneering medicine phys research cpmr korea electrotechnol research institute keri ansan"
"2F6A4311","428D5A3E","0069A688","c h shon","center for pioneering medicine phys research cpmr korea electrotechnol research institute keri ansan"
"2FD6F418","29E95801","0056B2C7","sven thorwirth","i physikalisches institut universitat zu koln zulpicher str 77 50937 koln germany"
"30626649","06B79D13","0074A849","andre danthine","institute montefiore liege university belgium"
"307FFAAA","428989C3","0064B5BF","hobart r everett","office of robotics and autonomous systems united states"
"30941B95","179726EC","006DA93F","arturo chavezpirson","np photonics incorporated usa"
"30941B95","3E6D7A43","006DA93F","jie zong","np photonics incorporated usa"
"309B5176","2671B42B","0079BDF1","roman v kruzelecky","mpb communications incorporated canada"
"309B5176","2671B42B","0079BDF1","roman v kruzelecky","mpb communications incorporated canada"
"309B5176","41B1A18C","0079BDF1","wes jamroz","mpb communications incorporated canada"
"309B5176","41B1A18C","0079BDF1","wes jamroz","mpb communications incorporated canada"
"309F970A","3E868D1B","0074A2CD","michel bolte","university blaise pascal france"
"30A99711","3D437348","008339EE","r jagadeesh kannan","r m k engineering college kavaraipettai india"
"30DBD86A","2E4CD61F","004C004B","m s madjarska","max planck institut fur sonnensystemforschung max planck str 2 37191 katlenburg lindau germany"
"30E080E8","0B41EFD7","006EE0FF","tomas stroemberg","linkoepings university sweden"
"30E080E8","3F91C77B","006EE0FF","karin wardell","linkoepings university sweden"
"30E080E8","4135ED27","006EE0FF","marcus larsson","linkoepings university sweden"
"30E080E8","41CE0629","006EE0FF","daniel m karlsson","linkoepings university sweden"
"30FEE743","3B207B4E","0047D717","a kharlov","institute of high current electronics tosmk russia"
"3113991F","3E626673","0049383A","sami poutiainen","department of pharmaceutics university of kuopio p o box 1627 fin 70211 kuopio finland"
"3113991F","3F015413","0049383A","kristiina jarvinen","department of pharmaceutics university of kuopio p o box 1627 fin 70211 kuopio finland"
"3113991F","3FAF6705","0049383A","jarkko ketolainen","department of pharmaceutics university of kuopio p o box 1627 fin 70211 kuopio finland"
"3113991F","3FBB9E2D","0049383A","jari leskinen","department of pharmaceutics university of kuopio p o box 1627 fin 70211 kuopio finland"
"31164149","2A503EE5","00502F34","wolfgang ensinger","european aeronautic defence and space co germany"
"31164149","3BC5B7C1","00502F34","christoph stahl","european aeronautic defence and space co germany"
"31164149","3F21C715","00502F34","h seidel","european aeronautic defence and space co germany"
"3128BEF5","4029014E","007B9110","fenlin liu","zhengzhou information science and technology institute zhengzhou china"
"3128BEF5","41083931","007B9110","xiangyang luo","zhengzhou information science and technology institute zhengzhou china"
"3128BEF5","411AD637","007B9110","chunfang yang","zhengzhou information science and technology institute zhengzhou china"
"312DEC5F","17240D7B","006B58BC","s scorba","department of pediatrics university medical school"
"312DEC5F","3C27F320","006B58BC","l marodi","department of pediatrics university medical school"
"31370865","3E8B717E","005307F7","xinglan liu","school of chemical and materials engineering huangshi institute of technology huangshi 435003 pr china"
"31370865","421DB6BF","005307F7","wei li","school of chemical and materials engineering huangshi institute of technology huangshi 435003 pr china"
"31370865","4289878F","005307F7","s f y li","school of chemical and materials engineering huangshi institute of technology huangshi 435003 pr china"
"315128D7","3E7BA969","007D62F1","k a shehata","college of engineering arab academy for science and technology cairo egypt"
"319E1B32","43197912","005FD967","a r shimkunas","nanostructures incorporated usa"
"31A2CC87","431D3BA2","00621D38","kazunori takeda","national hospital organization sendai medical center department of surgery sendai japan"
"31DA9803","3C608654","007986A8","f v frazzoli","laboratori nazionali del sincerotrone onen frascati roma"
"31E64C93","3F5A9846","00458B27","s viering","norrtalje hospital norrtalje"
"31F7A02F","3EDD0D10","004F2DED","paula m gallagherwetmore","phasex corporation usa"
"32104E8E","413EC3AE","0060317C","ludek vavruch","ryhov hospital"
"3226AB1B","34B14A16","007BCD21","j borcsok","department of computer architecture and system programming germany"
"3226AB1B","4200901A","007BCD21","vahid rezaei","department of computer architecture and system programming germany"
"32377720","164D0C99","004C60E2","f x hebrank","phys technology bundesanstalt braunschweig germany"
"32605EAF","2AA19E50","0063DA20","ermin malic","institut f theoretische physik technische university berlin hardenbergstr 36 10623 berlin germany"
"32605EAF","3CFAB2CA","0063DA20","torben winzer","institut f theoretische physik technische university berlin hardenbergstr 36 10623 berlin germany"
"32605EAF","41B32C2E","0063DA20","andreas knorr","institut f theoretische physik technische university berlin hardenbergstr 36 10623 berlin germany"
"329D6801","3E5F0A8D","005C71D3","mien forget","lifl france"
"32B39896","42FD918F","005B602F","jon m richards","lutheran general cancer center"
"32C6FF84","42059390","0063B617","s a barengolts","institute of electrophys academy of science ekaterinburg russia"
"32EC94B2","0E44A9D8","007CC379","marcus osterbrand","uddevalla hospital"
"33122D95","0FD3B4B6","007E67B8","chintamani","department of surgery safdarjung hospital new delhi 110029 india"
"331D8889","0E36B7E7","0053E4EE","g haefeli","sezione infn di roma roma italy"
"331D8889","17A660E5","0053E4EE","f murtas","sezione infn di roma roma italy"
"331D8889","18A130D6","0053E4EE","p neustroev","sezione infn di roma roma italy"
"331D8889","293E1791","0053E4EE","r berutti","sezione infn di roma roma italy"
"331D8889","29BE1C5A","0053E4EE","c satriano","sezione infn di roma roma italy"
"331D8889","2A9A80A8","0053E4EE","s furcas","sezione infn di roma roma italy"
"331D8889","388D9561","0053E4EE","m frosini","sezione infn di roma roma italy"
"331D8889","3CB54D3C","0053E4EE","a cardini","sezione infn di roma roma italy"
"331D8889","3EC3F76A","0053E4EE","a a alves","sezione infn di roma roma italy"
"331D8889","3F0520F9","0053E4EE","k mair","sezione infn di roma roma italy"
"337AB31D","3FB100F6","007121DA","robert s little","little"
"339CF3A8","37D7474F","005EF0D5","l baringo","real"
"339CF3A8","3EF4C2F1","7.37E+71","j m perez de la lastra","real"
"339CF3A8","3EFFD51E","007581D0","j boaventura cunha","real"
"339CF3A8","3F94EEBE","005EF0D5","a j conejo","real"
"339CF3A8","3FC377B9","7.37E+71","j a morenocid","real"
"339CF3A8","42DBBD2D","7.37E+71","r c galindo","real"
"339F8E80","4071BCC4","005BF3D0","sunyoung kong","hematologic malignancy branch and department of laboratory medicine center for clinical services goyang korea"
"33BBE6B1","28065ECA","687562","p waloschek","istituto di fisica dell universita bari"
"33BBE6B1","2936A491","687562","v picciarelli","istituto di fisica dell universita bari"
"33BBE6B1","39109CF3","687562","s mongelli","istituto di fisica dell universita bari"
"33BBE6B1","4175DD8A","687562","a romano","istituto di fisica dell universita bari"
"33BEF520","15C6C0A9","007289D0","abdennaceur kachouri","gabriel brothers"
"33D35C8B","14D45DA6","004C5E13","oecd","iraqi special operations forces"
"33D35C8B","2BCE6E8E","006ADE33","massimo gazzano","iraqi special operations forces"
"33E34FDB","0265CE3F","006627C6","carol a gotway","centers for disease control and prevention national center for environmental health division of environmental hazards and health effects atlanta georgia"
"33FE0EC0","00803CF3","0048B92E","mathieu faverge","l abri"
"33FE0EC0","026A7A66","447900","yves metivier","l abri"
"33FE0EC0","3C9FA6B8","00826C11","mohamed mosbah","l abri"
"33FE0EC0","404F72F4","447900","mohamed mosbah","l abri"
"33FE0EC0","426ABFB3","00826C11","monia loulou","l abri"
"3410A911","3E6D21C2","007C2EFA","yukio osaki","costa inc"
"3410A911","3F286EF2","639857","bryony dean franklin","costa inc"
"3410A911","3FF7C995","006F2E86","yoshihiko kumamoto","costa inc"
"3410A911","40A648A9","674844","hiroshi azuma","costa inc"
"3410A911","41050C7B","0076098C","b sampson","costa inc"
"3410A911","42A5DED3","674844","hisami ikeda","costa inc"
"3410A911","42D60EDA","0083E96F","shirley camp","costa inc"
"3410A911","42FA62F8","0060273D","akihiko tonouchi","costa inc"
"3425519A","3F21FA4D","006835D6","d j w moriarty","csiro marine laboratories"
"3425519A","3F958240","006835D6","peter c pollard","csiro marine laboratories"
"3425519A","3FDA38B9","006835D6","william g hunt","csiro marine laboratories"
"3428A120","049FD029","00859BA7","m g leggio","frontier communications"
"3428A120","2BFC6EE9","00859BA7","e rausell","frontier communications"
"3428A120","36C852B8","00859BA7","t hashikawa","frontier communications"
"3428A120","3CB0C4AB","00859BA7","e g jones","frontier communications"
"3428A120","3F049587","00859BA7","m e dellanna","frontier communications"
"3428A120","400EDA9C","00859BA7","marco molinari","frontier communications"
"342AC515","17BF1A34","005D4663","t fadriansyah","tennet"
"342FC7B5","2B347A89","00615F63","christoph m isbert","operative media"
"342FC7B5","41923060","00615F63","c t germer","operative media"
"3430AC71","27A275A3","730334","christian j grund","wave broadband"
"3430AC71","35F06B5A","007DA71A","p a morozov","wave broadband"
"3430AC71","35F06B5A","007DA71A","p a morozov","wave broadband"
"3430AC71","3AD9779D","007DA71A","v v kopeikin","wave broadband"
"3430AC71","3AD9779D","007DA71A","v v kopeikin","wave broadband"
"3430AC71","3FE92815","006D23B2","j b snider","wave broadband"
"3430AC71","402A8C9B","004A8D7B","masataka ohira","wave broadband"
"3430AC71","40C51D34","006E16F6","wei jian","wave broadband"
"3430AC71","423A904B","007DA71A","i v krasheninnikov","wave broadband"
"3430AC71","423A904B","007DA71A","i v krasheninnikov","wave broadband"
"3430AC71","4312E78E","007DA71A","a v popov","wave broadband"
"3430AC71","4312E78E","007DA71A","a v popov","wave broadband"
"34341550","25D67FE4","783011","n baboux","lyon villeurbanne"
"34341550","3EB98687","783011","a souifi","lyon villeurbanne"
"34341550","3F4127DB","783011","m hocevar","lyon villeurbanne"
"34341550","3FC21C87","783011","a poncet","lyon villeurbanne"
"3456F48D","4061E776","007CC8B9","e gaviot","laboratories of acoustics cnrs university du maine france"
"346DEB26","41EB7172","0075B8FE","tran huu tuan","college of economics hue university"
"34EB0FAC","3FF7C7BA","006EC1C0","ricardo gimeno","universidad ceu cardenal herrera spain"
"34EB0FAC","431FE084","006EC1C0","juan m nave","universidad ceu cardenal herrera spain"
"3528D254","0A90A491","005CBB6C","bernd kuhlenkotter","university dortmund"
"3528D254","2D77E1C0","005CBB6C","klaus kneupner","university dortmund"
"354901F2","4295471A","005FEAFD","yanqiu wang","department of mathematics texas a&m university tx"
"354F4CAB","3AF9A60F","005F9D68","jordan w tappero","center for global health centers for disease control and prevention atlanta ga usa"
"3569BE04","42C651AB","005C4CB1","boualem hammouda","national institute of standards and technology center for neutron research 100 bureau drive gaithersburg md 20899 6102 usa"
"3583B245","090B9F4A","577555","paul c hackley","u s geological survey 956 national center reston va 20192 united states"
"3583B245","090B9F4A","577555","paul c hackley","u s geological survey 956 national center reston va 20192 united states"
"35844DCE","3FDE4DC0","005C1D6D","vassily a lyubetsky","russian academy of sciences institute of information transmission problems moscow 127994 russia moscow 127994 russia"
"35B9D20C","3F234734","00585FC9","nabeel a riza","general electric co usa"
"35E83107","14B92F76","0056793B","srikanth","the great atlantic pacific tea company"
"35E83107","14B92F76","0056793B","srikanth","the great atlantic pacific tea company"
"35E83107","14B92F76","0056793B","srikanth","the great atlantic pacific tea company"
"35E83107","167B4815","006DD214","n anogjnaaurora","the great atlantic pacific tea company"
"35E83107","357AF178","685682","jose alfredo arreolalizarraga","the great atlantic pacific tea company"
"35E83107","40E80BA8","006DD214","p v ramaraju","the great atlantic pacific tea company"
"35ED11E5","418945D1","007019C4","j r mccormick","du pont uk ltd londonderry"
"35F21858","3F7FA77F","007918AB","r reynolds","cooper tire rubber company"
"3601CB8A","3EDA8B05","0048EEE2","m a thompson","materials research and development rte corporation"
"3601CB8A","3FA52817","0048EEE2","ian webber","materials research and development rte corporation"
"3605A622","3FA46D06","432732","vadim b vasilyev","institute of gene biology russian academy of sciences vavilova str 34 5 119334 moscow russia"
"3605A622","4286B68E","432732","seraphima k semyenova","institute of gene biology russian academy of sciences vavilova str 34 5 119334 moscow russia"
"3620CE7A","2B9FFFCE","005350A1","harold h szu","white oak conservation"
"3638B4FD","2B1B37C9","00597D82","kristine l verdin","principal financial group"
"36417508","426C2B30","492212","a a bhagwat","electron and radar dev establ bangalore india"
"3656C63B","421AB430","569784","p c lyman","boundless"
"365CD6AC","3E5ED0A9","0060D67D","m laura miserendino","patagonia"
"367A8BB5","051DCE05","0071A10A","f pociot","steno diabetes center gentofte denmark"
"367A8BB5","3CF15791","0071A10A","r l nolsoe","steno diabetes center gentofte denmark"
"36A19626","310323BD","008132CC","h kiwamoto","kindai university"
"36A19626","3A9A52DD","007C2EFA","masatoshi kudo","kindai university"
"36A19626","3E600069","00739B17","motoya nagase","kindai university"
"36A19626","3EA8F691","008132CC","t kurita","kindai university"
"36A19626","3ED215F3","006B94CA","atsuhiro kurooka","kindai university"
"36A19626","3F9D50D0","008132CC","yungchol park","kindai university"
"36A19626","404D55B1","00739B17","takashi harada","kindai university"
"36A19626","40C4953F","007C2EFA","miki nagashima","kindai university"
"36A19626","40D93973","006B94CA","keiichi sugimura","kindai university"
"36A19626","41A31AF6","006B94CA","seijiro shimada","kindai university"
"36A19626","42D301FE","006B94CA","kinji ishikawa","kindai university"
"36A19626","4304301F","006B94CA","tatsuya kai","kindai university"
"36B0796F","4329C646","007C9582","tamon inouye","toshiba research and development center tokyo shibaura electric company ltd"
"36B7C78F","4088781D","0052D827","jinrui sang","mechanized infantry"
"36B8FF61","2E047604","006490C6","sergey e zirka","department of phys and technology dnepropetrovsk national university dnepropetrovsk ukraine"
"36B8FF61","42A9AF93","006490C6","yuriy i moroz","department of phys and technology dnepropetrovsk national university dnepropetrovsk ukraine"
"36C1AF48","40940F0D","0055D6ED","gary yeap","semiconductor systems des technology group motorola incorporated tempe az usa"
"36C40891","293D6E25","0070094E","yash aneja","windsor university school of medicine"
"36C40891","3EAC544E","0070094E","s bandyopadhyay","windsor university school of medicine"
"36C40891","42A0A660","0070094E","arunita jaekel","windsor university school of medicine"
"36EBF631","3EAF3454","00537A6B","seung hwan heo","national plant quarantine service gunsan 573 879 korea"
"3780FDD7","416D4D14","004A8487","teus w tukker","philips lighting netherlands"
"3780FDD7","416D4D14","004A8487","teus w tukker","philips lighting netherlands"
"3796B240","1599DA8F","767587","l ya margolis","institute of chemical physics of the academy of sciences of the ussr ussr"
"3796B240","18078155","767587","l v skalkina","institute of chemical physics of the academy of sciences of the ussr ussr"
"3796B240","19B3F9A7","767587","l n malashevich","institute of chemical physics of the academy of sciences of the ussr ussr"
"3796B240","283A5A3B","767587","i k kolchin","institute of chemical physics of the academy of sciences of the ussr ussr"
"3796B240","401078B2","767587","n f ermolenko","institute of chemical physics of the academy of sciences of the ussr ussr"
"3796B240","412822DD","767587","s a levina","institute of chemical physics of the academy of sciences of the ussr ussr"
"37A4FDDD","431EDED4","7.89E+05","aurelien schmied","renault"
"3E734D89","3D17EBF4","005CA7F4","e ricchetti","department geol and geophys bari university"
"3FFED86F","0F6BE166","006ADE33","elisa boanini","biomimetics and materials chemistry laboratory"
"3FFED86F","383A6651","006ADE33","c capuccini","biomimetics and materials chemistry laboratory"
"3FFED86F","3F4AE434","006ADE33","adriana bigi","biomimetics and materials chemistry laboratory"
"422FA18C","3FB9A2EB","006681AC","yunping qiu","shanghai institute for systems biomedicine shanghai jiao tong university shanghai 200240 p r china"
